,week,Species,Zip,Trap Type,total_male,total_female,total,wnv,sle
0,2026-05-04,Aeab,77003,BG,2.0,6.0,8.0,0,0
1,2026-05-04,Aeab,77009,BG,0.0,2.0,2.0,0,0
2,2026-05-04,Aeab,77013,BG,0.0,5.0,5.0,0,0
3,2026-05-04,Aeab,77014,BG,60.0,60.0,120.0,0,0
4,2026-05-04,Aeab,77020,BG,0.0,1.0,1.0,0,0
5,2026-05-04,Aeab,77024,BG,0.0,1.0,1.0,0,0
6,2026-05-04,Aeab,77028,BG,1.0,2.0,3.0,0,0
7,2026-05-04,Aeab,77030,BG,1.0,1.0,2.0,0,0
8,2026-05-04,Aeab,77032,BG,16.0,35.0,51.0,0,0
9,2026-05-04,Aeab,77033,BG,0.0,2.0,2.0,0,0
10,2026-05-04,Aeab,77034,BG,18.0,29.0,47.0,0,0
11,2026-05-04,Aeab,77041,BG,0.0,1.0,1.0,0,0
12,2026-05-04,Aeab,77061,BG,0.0,4.0,4.0,0,0
13,2026-05-04,Aeab,77075,BG,23.0,49.0,72.0,0,0
14,2026-05-04,Aeab,77083,BG,1.0,1.0,2.0,0,0
15,2026-05-04,Aeab,77093,BG,9.0,19.0,28.0,0,0
16,2026-05-04,Aeab,77096,BG,0.0,1.0,1.0,0,0
17,2026-05-04,Aeab,77338,BG,9.0,19.0,28.0,0,0
18,2026-05-04,Aeab,77373,BG,5.0,23.0,28.0,0,0
19,2026-05-04,Aeab,77379,BG,0.0,1.0,1.0,0,0
20,2026-05-04,Aeab,77396,BG,12.0,10.0,22.0,0,0
21,2026-05-04,Aeab,77429,BG,0.0,1.0,1.0,0,0
22,2026-05-04,Aeab,77433,BG,0.0,1.0,1.0,0,0
23,2026-05-04,Aeab,77447,BG,0.0,3.0,3.0,0,0
24,2026-05-04,Aeab,77450,BG,0.0,1.0,1.0,0,0
25,2026-05-04,Aeab,77520,BG,0.0,1.0,1.0,0,0
26,2026-05-04,Aeab,77536,BG,3.0,22.0,25.0,0,0
27,2026-05-04,Aeae,77014,BG,17.0,13.0,30.0,0,0
28,2026-05-04,Aeae,77028,BG,0.0,4.0,4.0,0,0
29,2026-05-04,Aeae,77032,BG,0.0,3.0,3.0,0,0
30,2026-05-04,Aeae,77034,BG,0.0,4.0,4.0,0,0
31,2026-05-04,Aeae,77061,BG,2.0,0.0,2.0,0,0
32,2026-05-04,Aeae,77064,BG,0.0,1.0,1.0,0,0
33,2026-05-04,Aeae,77075,BG,1.0,7.0,8.0,0,0
34,2026-05-04,Aeae,77093,BG,0.0,16.0,16.0,0,0
35,2026-05-04,Aeae,77338,BG,3.0,6.0,9.0,0,0
36,2026-05-04,Aeae,77339,BG,0.0,2.0,2.0,0,0
37,2026-05-04,Aeae,77396,BG,8.0,14.0,22.0,0,0
38,2026-05-04,Aeae,77536,BG,0.0,2.0,2.0,0,0
39,2026-05-04,Cxqf,77003,BG,18.0,425.0,443.0,0,0
40,2026-05-04,Cxqf,77009,BG,116.0,1076.0,1192.0,0,0
41,2026-05-04,Cxqf,77013,BG,154.0,2176.0,2330.0,0,0
42,2026-05-04,Cxqf,77014,BG,30.0,317.0,347.0,0,0
43,2026-05-04,Cxqf,77020,BG,6.0,195.0,201.0,0,0
44,2026-05-04,Cxqf,77024,BG,49.0,76.0,125.0,0,0
45,2026-05-04,Cxqf,77028,BG,41.0,1577.0,1618.0,0,0
46,2026-05-04,Cxqf,77030,BG,9.0,48.0,57.0,0,0
47,2026-05-04,Cxqf,77032,BG,129.0,828.0,957.0,0,0
48,2026-05-04,Cxqf,77033,BG,18.0,249.0,267.0,0,0
49,2026-05-04,Cxqf,77034,BG,491.0,5000.0,5491.0,0,0
50,2026-05-04,Cxqf,77041,BG,24.0,264.0,288.0,0,0
51,2026-05-04,Cxqf,77061,BG,122.0,1440.0,1562.0,0,0
52,2026-05-04,Cxqf,77064,BG,82.0,384.0,466.0,0,0
53,2026-05-04,Cxqf,77075,BG,84.0,1923.0,2007.0,0,0
54,2026-05-04,Cxqf,77083,BG,16.0,534.0,550.0,0,0
55,2026-05-04,Cxqf,77093,BG,12.0,189.0,201.0,0,0
56,2026-05-04,Cxqf,77096,BG,43.0,388.0,431.0,0,0
57,2026-05-04,Cxqf,77338,BG,38.0,744.0,782.0,0,0
58,2026-05-04,Cxqf,77339,BG,9.0,164.0,173.0,0,0
59,2026-05-04,Cxqf,77379,BG,15.0,819.0,834.0,0,0
60,2026-05-04,Cxqf,77396,BG,62.0,145.0,207.0,0,0
61,2026-05-04,Cxqf,77429,BG,7.0,231.0,238.0,0,0
62,2026-05-04,Cxqf,77433,BG,13.0,183.0,196.0,0,0
63,2026-05-04,Cxqf,77447,BG,82.0,1195.0,1277.0,0,0
64,2026-05-04,Cxqf,77450,BG,72.0,773.0,845.0,0,0
65,2026-05-04,Cxqf,77520,BG,86.0,518.0,604.0,0,0
66,2026-05-04,Cxqf,77532,BG,40.0,294.0,334.0,0,0
67,2026-05-04,Cxqf,77536,BG,45.0,546.0,591.0,0,0
68,2026-05-11,Aeab,77006,GV,0.0,2.0,2.0,0,0
69,2026-05-11,Aeab,77007,GV,0.0,10.0,10.0,0,0
70,2026-05-11,Aeab,77008,GV,0.0,4.0,4.0,0,0
71,2026-05-11,Aeab,77009,BG,0.0,2.0,2.0,0,0
72,2026-05-11,Aeab,77009,GV,0.0,6.0,6.0,0,0
73,2026-05-11,Aeab,77013,BG,32.0,80.0,112.0,0,0
74,2026-05-11,Aeab,77017,GV,0.0,3.0,3.0,0,0
75,2026-05-11,Aeab,77018,GV,0.0,4.0,4.0,0,0
76,2026-05-11,Aeab,77030,GV,1.0,6.0,7.0,0,0
77,2026-05-11,Aeab,77032,GV,1.0,5.0,6.0,0,0
78,2026-05-11,Aeab,77033,BG,1.0,1.0,2.0,0,0
79,2026-05-11,Aeab,77034,BG,6.0,7.0,13.0,0,0
80,2026-05-11,Aeab,77034,GV,0.0,4.0,4.0,0,0
81,2026-05-11,Aeab,77041,GV,62.0,34.0,96.0,0,0
82,2026-05-11,Aeab,77045,GV,0.0,3.0,3.0,0,0
83,2026-05-11,Aeab,77049,GV,4.0,3.0,7.0,0,0
84,2026-05-11,Aeab,77061,BG,58.0,53.0,111.0,0,0
85,2026-05-11,Aeab,77061,GV,0.0,4.0,4.0,0,0
86,2026-05-11,Aeab,77073,GV,1.0,1.0,2.0,0,0
87,2026-05-11,Aeab,77075,BG,36.0,39.0,75.0,0,0
88,2026-05-11,Aeab,77082,GV,0.0,2.0,2.0,0,0
89,2026-05-11,Aeab,77083,GV,0.0,2.0,2.0,0,0
90,2026-05-11,Aeab,77084,GV,103.0,161.0,264.0,0,0
91,2026-05-11,Aeab,77087,GV,0.0,2.0,2.0,0,0
92,2026-05-11,Aeab,77093,GV,0.0,2.0,2.0,0,0
93,2026-05-11,Aeab,77094,GV,0.0,1.0,1.0,0,0
94,2026-05-11,Aeab,77099,GV,1.0,2.0,3.0,0,0
95,2026-05-11,Aeab,77338,GV,11.0,104.0,115.0,0,0
96,2026-05-11,Aeab,77339,BG,13.0,31.0,44.0,0,0
97,2026-05-11,Aeab,77373,GV,0.0,3.0,3.0,0,0
98,2026-05-11,Aeab,77401,GV,1.0,0.0,1.0,0,0
99,2026-05-11,Aeab,77433,BG,1.0,2.0,3.0,0,0
100,2026-05-11,Aeab,77433,GV,0.0,1.0,1.0,0,0
101,2026-05-11,Aeab,77493,GV,0.0,7.0,7.0,0,0
102,2026-05-11,Aeab,77502,GV,0.0,6.0,6.0,0,0
103,2026-05-11,Aeab,77506,GV,2.0,0.0,2.0,0,0
104,2026-05-11,Aeab,77507,GV,0.0,1.0,1.0,0,0
105,2026-05-11,Aeab,77532,GV,49.0,345.0,394.0,0,0
106,2026-05-11,Aeab,77571,GV,0.0,7.0,7.0,0,0
107,2026-05-11,Aeae,77013,BG,9.0,5.0,14.0,0,0
108,2026-05-11,Aeae,77013,GV,0.0,1.0,1.0,0,0
109,2026-05-11,Aeae,77017,GV,0.0,1.0,1.0,0,0
110,2026-05-11,Aeae,77021,GV,0.0,1.0,1.0,0,0
111,2026-05-11,Aeae,77025,GV,0.0,4.0,4.0,0,0
112,2026-05-11,Aeae,77033,BG,1.0,3.0,4.0,0,0
113,2026-05-11,Aeae,77034,BG,6.0,6.0,12.0,0,0
114,2026-05-11,Aeae,77034,GV,0.0,1.0,1.0,0,0
115,2026-05-11,Aeae,77045,GV,0.0,1.0,1.0,0,0
116,2026-05-11,Aeae,77061,BG,65.0,55.0,120.0,0,0
117,2026-05-11,Aeae,77075,BG,26.0,71.0,97.0,0,0
118,2026-05-11,Aeae,77075,GV,0.0,1.0,1.0,0,0
119,2026-05-11,Aeae,77078,GV,0.0,1.0,1.0,0,0
120,2026-05-11,Aeae,77084,GV,0.0,10.0,10.0,0,0
121,2026-05-11,Aeae,77093,GV,0.0,1.0,1.0,0,0
122,2026-05-11,Aeae,77338,GV,0.0,5.0,5.0,0,0
123,2026-05-11,Aeae,77339,BG,1.0,1.0,2.0,0,0
124,2026-05-11,Aeae,77447,GV,0.0,1.0,1.0,0,0
125,2026-05-11,Aeae,77484,GV,0.0,1.0,1.0,0,0
126,2026-05-11,Aeae,77502,GV,0.0,1.0,1.0,0,0
127,2026-05-11,Aeae,77505,GV,0.0,3.0,3.0,0,0
128,2026-05-11,Aeae,77520,GV,0.0,2.0,2.0,0,0
129,2026-05-11,Aeae,77521,GV,0.0,1.0,1.0,0,0
130,2026-05-11,Aeae,77571,GV,0.0,3.0,3.0,0,0
131,2026-05-11,Cxqf,77002,GV,0.0,0.0,0.0,0,0
132,2026-05-11,Cxqf,77003,GV,1.0,48.0,49.0,0,0
133,2026-05-11,Cxqf,77004,GV,12.0,137.0,149.0,0,0
134,2026-05-11,Cxqf,77007,GV,31.0,116.0,147.0,0,0
135,2026-05-11,Cxqf,77008,GV,18.0,64.0,82.0,0,0
136,2026-05-11,Cxqf,77009,GV,13.0,86.0,99.0,0,0
137,2026-05-11,Cxqf,77011,GV,9.0,34.0,43.0,0,0
138,2026-05-11,Cxqf,77013,GV,33.0,812.0,845.0,0,0
139,2026-05-11,Cxqf,77017,GV,82.0,289.0,371.0,0,0
140,2026-05-11,Cxqf,77019,GV,74.0,365.0,439.0,0,0
141,2026-05-11,Cxqf,77022,GV,14.0,253.0,267.0,0,0
142,2026-05-11,Cxqf,77023,GV,7.0,60.0,67.0,0,0
143,2026-05-11,Cxqf,77024,GV,13.0,76.0,89.0,0,0
144,2026-05-11,Cxqf,77026,GV,33.0,908.0,941.0,0,0
145,2026-05-11,Cxqf,77028,GV,12.0,77.0,89.0,0,0
146,2026-05-11,Cxqf,77029,GV,22.0,319.0,341.0,0,0
147,2026-05-11,Cxqf,77032,GV,17.0,384.0,401.0,0,0
148,2026-05-11,Cxqf,77033,GV,73.0,101.0,174.0,0,0
149,2026-05-11,Cxqf,77034,BG,8.0,88.0,96.0,0,0
150,2026-05-11,Cxqf,77034,GV,50.0,379.0,429.0,0,0
151,2026-05-11,Cxqf,77036,GV,60.0,389.0,449.0,0,0
152,2026-05-11,Cxqf,77041,GV,12.0,174.0,186.0,0,0
153,2026-05-11,Cxqf,77044,GV,2.0,132.0,134.0,0,0
154,2026-05-11,Cxqf,77045,GV,65.0,494.0,559.0,1,0
155,2026-05-11,Cxqf,77047,GV,57.0,762.0,819.0,0,0
156,2026-05-11,Cxqf,77048,GV,36.0,527.0,563.0,0,0
157,2026-05-11,Cxqf,77049,GV,30.0,418.0,448.0,0,0
158,2026-05-11,Cxqf,77058,GV,0.0,0.0,0.0,0,0
159,2026-05-11,Cxqf,77061,BG,5.0,14.0,19.0,0,0
160,2026-05-11,Cxqf,77061,GV,19.0,610.0,629.0,0,0
161,2026-05-11,Cxqf,77064,GV,13.0,497.0,510.0,0,0
162,2026-05-11,Cxqf,77072,GV,19.0,155.0,174.0,0,0
163,2026-05-11,Cxqf,77073,GV,3.0,59.0,62.0,0,0
164,2026-05-11,Cxqf,77075,BG,3.0,46.0,49.0,0,0
165,2026-05-11,Cxqf,77076,GV,17.0,466.0,483.0,0,0
166,2026-05-11,Cxqf,77078,GV,2.0,54.0,56.0,0,0
167,2026-05-11,Cxqf,77082,GV,30.0,444.0,474.0,0,0
168,2026-05-11,Cxqf,77083,GV,88.0,229.0,317.0,0,0
169,2026-05-11,Cxqf,77086,GV,0.0,456.0,456.0,0,0
170,2026-05-11,Cxqf,77087,GV,46.0,362.0,408.0,0,0
171,2026-05-11,Cxqf,77088,GV,23.0,477.0,500.0,0,0
172,2026-05-11,Cxqf,77093,GV,1.0,40.0,41.0,0,0
173,2026-05-11,Cxqf,77096,GV,60.0,220.0,280.0,0,0
174,2026-05-11,Cxqf,77336,GV,53.0,846.0,899.0,0,0
175,2026-05-11,Cxqf,77338,GV,97.0,906.0,1003.0,0,0
176,2026-05-11,Cxqf,77339,BG,23.0,44.0,67.0,0,0
177,2026-05-11,Cxqf,77339,GV,31.0,219.0,250.0,0,0
178,2026-05-11,Cxqf,77346,GV,0.0,9.0,9.0,0,0
179,2026-05-11,Cxqf,77373,GV,31.0,507.0,538.0,0,0
180,2026-05-11,Cxqf,77375,GV,50.0,62.0,112.0,0,0
181,2026-05-11,Cxqf,77379,BG,2.0,132.0,134.0,0,0
182,2026-05-11,Cxqf,77379,GV,15.0,140.0,155.0,0,0
183,2026-05-11,Cxqf,77388,GV,38.0,212.0,250.0,0,0
184,2026-05-11,Cxqf,77396,GV,3.0,18.0,21.0,0,0
185,2026-05-11,Cxqf,77401,GV,73.0,459.0,532.0,0,0
186,2026-05-11,Cxqf,77429,BG,0.0,2.0,2.0,0,0
187,2026-05-11,Cxqf,77433,BG,7.0,19.0,26.0,0,0
188,2026-05-11,Cxqf,77433,GV,0.0,111.0,111.0,0,0
189,2026-05-11,Cxqf,77447,GV,43.0,1012.0,1055.0,0,0
190,2026-05-11,Cxqf,77449,GV,14.0,329.0,343.0,0,0
191,2026-05-11,Cxqf,77450,GV,2.0,36.0,38.0,0,0
192,2026-05-11,Cxqf,77484,GV,0.0,0.0,0.0,0,0
193,2026-05-11,Cxqf,77493,GV,95.0,785.0,880.0,0,0
194,2026-05-11,Cxqf,77502,GV,17.0,75.0,92.0,0,0
195,2026-05-11,Cxqf,77503,GV,24.0,79.0,103.0,0,0
196,2026-05-11,Cxqf,77504,GV,11.0,258.0,269.0,0,0
197,2026-05-11,Cxqf,77506,GV,15.0,150.0,165.0,0,0
198,2026-05-11,Cxqf,77507,GV,3.0,173.0,176.0,0,0
199,2026-05-11,Cxqf,77520,GV,56.0,693.0,749.0,0,0
200,2026-05-11,Cxqf,77521,GV,7.0,128.0,135.0,0,0
201,2026-05-11,Cxqf,77530,GV,8.0,196.0,204.0,0,0
202,2026-05-11,Cxqf,77532,GV,20.0,287.0,307.0,0,0
203,2026-05-11,Cxqf,77536,GV,43.0,380.0,423.0,0,0
204,2026-05-11,Cxqf,77546,GV,0.0,50.0,50.0,0,0
205,2026-05-11,Cxqf,77571,GV,223.0,1879.0,2102.0,1,0
206,2026-05-11,Cxqf,77586,GV,13.0,428.0,441.0,0,0
207,2026-05-11,Cxqf,77587,GV,10.0,142.0,152.0,0,0
208,2026-05-18,Aeab,77004,GV,0.0,6.0,6.0,0,0
209,2026-05-18,Aeab,77005,GV,0.0,1.0,1.0,0,0
210,2026-05-18,Aeab,77006,GV,0.0,1.0,1.0,0,0
211,2026-05-18,Aeab,77016,GV,0.0,6.0,6.0,0,0
212,2026-05-18,Aeab,77018,GV,0.0,2.0,2.0,0,0
213,2026-05-18,Aeab,77020,GV,4.0,11.0,15.0,0,0
214,2026-05-18,Aeab,77022,GV,0.0,2.0,2.0,0,0
215,2026-05-18,Aeab,77023,GV,0.0,2.0,2.0,0,0
216,2026-05-18,Aeab,77024,GV,0.0,2.0,2.0,0,0
217,2026-05-18,Aeab,77025,GV,0.0,2.0,2.0,0,0
218,2026-05-18,Aeab,77026,GV,4.0,12.0,16.0,0,0
219,2026-05-18,Aeab,77028,GV,0.0,3.0,3.0,0,0
220,2026-05-18,Aeab,77029,GV,23.0,68.0,91.0,0,0
221,2026-05-18,Aeab,77030,GV,1.0,1.0,2.0,0,0
222,2026-05-18,Aeab,77031,GV,0.0,1.0,1.0,0,0
223,2026-05-18,Aeab,77032,GV,0.0,31.0,31.0,0,0
224,2026-05-18,Aeab,77039,GV,0.0,6.0,6.0,0,0
225,2026-05-18,Aeab,77040,GV,0.0,3.0,3.0,0,0
226,2026-05-18,Aeab,77041,GV,0.0,2.0,2.0,0,0
227,2026-05-18,Aeab,77043,GV,0.0,2.0,2.0,0,0
228,2026-05-18,Aeab,77044,GV,0.0,1.0,1.0,0,0
229,2026-05-18,Aeab,77045,GV,0.0,3.0,3.0,0,0
230,2026-05-18,Aeab,77047,GV,1.0,2.0,3.0,0,0
231,2026-05-18,Aeab,77051,GV,0.0,2.0,2.0,0,0
232,2026-05-18,Aeab,77054,GV,0.0,1.0,1.0,0,0
233,2026-05-18,Aeab,77056,GV,0.0,1.0,1.0,0,0
234,2026-05-18,Aeab,77057,GV,0.0,1.0,1.0,0,0
235,2026-05-18,Aeab,77062,GV,0.0,4.0,4.0,0,0
236,2026-05-18,Aeab,77063,GV,0.0,1.0,1.0,0,0
237,2026-05-18,Aeab,77066,GV,13.0,12.0,25.0,0,0
238,2026-05-18,Aeab,77071,GV,0.0,1.0,1.0,0,0
239,2026-05-18,Aeab,77077,GV,0.0,10.0,10.0,0,0
240,2026-05-18,Aeab,77078,GV,0.0,2.0,2.0,0,0
241,2026-05-18,Aeab,77079,GV,0.0,6.0,6.0,0,0
242,2026-05-18,Aeab,77080,GV,1.0,6.0,7.0,0,0
243,2026-05-18,Aeab,77082,GV,0.0,1.0,1.0,0,0
244,2026-05-18,Aeab,77083,GV,0.0,2.0,2.0,0,0
245,2026-05-18,Aeab,77084,GV,1.0,4.0,5.0,0,0
246,2026-05-18,Aeab,77085,GV,0.0,1.0,1.0,0,0
247,2026-05-18,Aeab,77087,GV,0.0,4.0,4.0,0,0
248,2026-05-18,Aeab,77088,GV,0.0,3.0,3.0,0,0
249,2026-05-18,Aeab,77089,GV,0.0,5.0,5.0,0,0
250,2026-05-18,Aeab,77093,GV,0.0,1.0,1.0,0,0
251,2026-05-18,Aeab,77094,GV,0.0,1.0,1.0,0,0
252,2026-05-18,Aeab,77099,GV,0.0,1.0,1.0,0,0
253,2026-05-18,Aeab,77338,GV,59.0,78.0,137.0,0,0
254,2026-05-18,Aeab,77373,GV,59.0,24.0,83.0,0,0
255,2026-05-18,Aeab,77379,GV,36.0,40.0,76.0,0,0
256,2026-05-18,Aeab,77401,GV,0.0,4.0,4.0,0,0
257,2026-05-18,Aeab,77429,GV,32.0,48.0,80.0,0,0
258,2026-05-18,Aeab,77450,GV,0.0,2.0,2.0,0,0
259,2026-05-18,Aeab,77493,GV,0.0,3.0,3.0,0,0
260,2026-05-18,Aeab,77503,GV,0.0,1.0,1.0,0,0
261,2026-05-18,Aeab,77504,GV,0.0,8.0,8.0,0,0
262,2026-05-18,Aeab,77506,GV,0.0,1.0,1.0,0,0
263,2026-05-18,Aeab,77507,GV,0.0,1.0,1.0,0,0
264,2026-05-18,Aeab,77532,GV,1.0,10.0,11.0,0,0
265,2026-05-18,Aeab,77562,GV,0.0,1.0,1.0,0,0
266,2026-05-18,Aeab,77571,GV,1.0,5.0,6.0,0,0
267,2026-05-18,Aeab,77586,GV,0.0,5.0,5.0,0,0
268,2026-05-18,Aeae,77014,GV,6.0,28.0,34.0,0,0
269,2026-05-18,Aeae,77017,GV,1.0,1.0,2.0,0,0
270,2026-05-18,Aeae,77020,GV,0.0,2.0,2.0,0,0
271,2026-05-18,Aeae,77022,GV,0.0,1.0,1.0,0,0
272,2026-05-18,Aeae,77023,GV,0.0,1.0,1.0,0,0
273,2026-05-18,Aeae,77026,GV,14.0,18.0,32.0,0,0
274,2026-05-18,Aeae,77029,GV,13.0,30.0,43.0,0,0
275,2026-05-18,Aeae,77031,GV,0.0,1.0,1.0,0,0
276,2026-05-18,Aeae,77034,GV,0.0,1.0,1.0,0,0
277,2026-05-18,Aeae,77036,GV,0.0,3.0,3.0,0,0
278,2026-05-18,Aeae,77039,GV,1.0,4.0,5.0,0,0
279,2026-05-18,Aeae,77041,GV,0.0,2.0,2.0,0,0
280,2026-05-18,Aeae,77048,GV,0.0,1.0,1.0,0,0
281,2026-05-18,Aeae,77075,GV,0.0,1.0,1.0,0,0
282,2026-05-18,Aeae,77077,GV,0.0,1.0,1.0,0,0
283,2026-05-18,Aeae,77083,GV,0.0,2.0,2.0,0,0
284,2026-05-18,Aeae,77084,GV,1.0,0.0,1.0,0,0
285,2026-05-18,Aeae,77087,GV,0.0,2.0,2.0,0,0
286,2026-05-18,Aeae,77090,GV,2.0,18.0,20.0,0,0
287,2026-05-18,Aeae,77094,GV,0.0,2.0,2.0,0,0
288,2026-05-18,Aeae,77338,GV,0.0,12.0,12.0,0,0
289,2026-05-18,Aeae,77373,GV,36.0,20.0,56.0,0,0
290,2026-05-18,Aeae,77396,GV,0.0,1.0,1.0,0,0
291,2026-05-18,Aeae,77493,GV,0.0,4.0,4.0,0,0
292,2026-05-18,Aeae,77502,GV,0.0,1.0,1.0,0,0
293,2026-05-18,Aeae,77504,GV,0.0,1.0,1.0,0,0
294,2026-05-18,Aeae,77532,GV,0.0,5.0,5.0,0,0
295,2026-05-18,Aeae,77562,GV,0.0,1.0,1.0,0,0
296,2026-05-18,Aeae,77571,GV,3.0,5.0,8.0,0,0
297,2026-05-18,Aeae,77587,GV,0.0,1.0,1.0,0,0
298,2026-05-18,Cxqf,77003,GV,7.0,119.0,126.0,0,0
299,2026-05-18,Cxqf,77004,GV,15.0,330.0,345.0,0,0
300,2026-05-18,Cxqf,77005,GV,3.0,62.0,65.0,0,0
301,2026-05-18,Cxqf,77011,GV,40.0,262.0,302.0,0,0
302,2026-05-18,Cxqf,77016,GV,5.0,119.0,124.0,0,0
303,2026-05-18,Cxqf,77017,GV,54.0,199.0,253.0,0,0
304,2026-05-18,Cxqf,77018,GV,5.0,76.0,81.0,0,0
305,2026-05-18,Cxqf,77020,GV,0.0,6.0,6.0,0,0
306,2026-05-18,Cxqf,77021,GV,17.0,198.0,215.0,0,0
307,2026-05-18,Cxqf,77022,GV,4.0,208.0,212.0,0,0
308,2026-05-18,Cxqf,77024,GV,142.0,2428.0,2570.0,0,0
309,2026-05-18,Cxqf,77025,GV,8.0,269.0,277.0,0,0
310,2026-05-18,Cxqf,77026,GV,12.0,234.0,246.0,0,0
311,2026-05-18,Cxqf,77028,GV,20.0,170.0,190.0,0,0
312,2026-05-18,Cxqf,77029,GV,8.0,94.0,102.0,0,0
313,2026-05-18,Cxqf,77030,GV,8.0,158.0,166.0,0,0
314,2026-05-18,Cxqf,77032,GV,119.0,1622.0,1741.0,0,0
315,2026-05-18,Cxqf,77034,GV,73.0,741.0,814.0,0,0
316,2026-05-18,Cxqf,77035,GV,11.0,74.0,85.0,0,0
317,2026-05-18,Cxqf,77036,GV,13.0,262.0,275.0,0,0
318,2026-05-18,Cxqf,77040,GV,25.0,155.0,180.0,0,0
319,2026-05-18,Cxqf,77041,GV,74.0,269.0,343.0,0,0
320,2026-05-18,Cxqf,77043,GV,12.0,176.0,188.0,0,0
321,2026-05-18,Cxqf,77044,GV,1.0,262.0,263.0,0,0
322,2026-05-18,Cxqf,77045,GV,4.0,163.0,167.0,0,0
323,2026-05-18,Cxqf,77047,GV,11.0,543.0,554.0,0,0
324,2026-05-18,Cxqf,77048,GV,38.0,528.0,566.0,0,0
325,2026-05-18,Cxqf,77049,GV,1.0,234.0,235.0,0,0
326,2026-05-18,Cxqf,77051,GV,26.0,352.0,378.0,1,0
327,2026-05-18,Cxqf,77056,GV,11.0,148.0,159.0,0,0
328,2026-05-18,Cxqf,77062,GV,37.0,463.0,500.0,0,0
329,2026-05-18,Cxqf,77063,GV,53.0,1022.0,1075.0,0,0
330,2026-05-18,Cxqf,77066,GV,25.0,717.0,742.0,0,0
331,2026-05-18,Cxqf,77067,GV,0.0,35.0,35.0,0,0
332,2026-05-18,Cxqf,77072,GV,11.0,65.0,76.0,0,0
333,2026-05-18,Cxqf,77074,GV,28.0,218.0,246.0,0,0
334,2026-05-18,Cxqf,77075,GV,1.0,63.0,64.0,0,0
335,2026-05-18,Cxqf,77076,GV,6.0,55.0,61.0,0,0
336,2026-05-18,Cxqf,77079,GV,114.0,882.0,996.0,0,0
337,2026-05-18,Cxqf,77080,GV,11.0,541.0,552.0,0,0
338,2026-05-18,Cxqf,77082,GV,19.0,132.0,151.0,0,0
339,2026-05-18,Cxqf,77083,GV,28.0,263.0,291.0,0,0
340,2026-05-18,Cxqf,77085,GV,1.0,19.0,20.0,0,0
341,2026-05-18,Cxqf,77087,GV,28.0,205.0,233.0,0,0
342,2026-05-18,Cxqf,77088,GV,2.0,91.0,93.0,0,0
343,2026-05-18,Cxqf,77091,GV,12.0,408.0,420.0,0,0
344,2026-05-18,Cxqf,77092,GV,30.0,615.0,645.0,1,0
345,2026-05-18,Cxqf,77093,GV,229.0,435.0,664.0,0,0
346,2026-05-18,Cxqf,77096,GV,141.0,691.0,832.0,0,0
347,2026-05-18,Cxqf,77099,GV,15.0,193.0,208.0,0,0
348,2026-05-18,Cxqf,77338,GV,88.0,1172.0,1260.0,0,0
349,2026-05-18,Cxqf,77373,GV,2.0,31.0,33.0,0,0
350,2026-05-18,Cxqf,77375,GV,11.0,81.0,92.0,0,0
351,2026-05-18,Cxqf,77379,GV,4.0,124.0,128.0,0,0
352,2026-05-18,Cxqf,77396,GV,40.0,460.0,500.0,0,0
353,2026-05-18,Cxqf,77401,GV,52.0,159.0,211.0,0,0
354,2026-05-18,Cxqf,77429,GV,19.0,10.0,29.0,0,0
355,2026-05-18,Cxqf,77449,GV,28.0,238.0,266.0,0,0
356,2026-05-18,Cxqf,77450,GV,85.0,467.0,552.0,0,0
357,2026-05-18,Cxqf,77493,GV,40.0,529.0,569.0,0,0
358,2026-05-18,Cxqf,77502,GV,108.0,1651.0,1759.0,0,0
359,2026-05-18,Cxqf,77503,GV,39.0,152.0,191.0,0,0
360,2026-05-18,Cxqf,77506,GV,93.0,459.0,552.0,0,0
361,2026-05-18,Cxqf,77507,GV,17.0,350.0,367.0,0,0
362,2026-05-18,Cxqf,77532,GV,28.0,379.0,407.0,0,0
363,2026-05-18,Cxqf,77536,GV,27.0,41.0,68.0,0,0
364,2026-05-18,Cxqf,77562,GV,53.0,1283.0,1336.0,0,0
365,2026-05-18,Cxqf,77571,GV,176.0,2279.0,2455.0,0,0
366,2026-05-18,Cxqf,77586,GV,62.0,570.0,632.0,0,0
367,2026-05-25,Aeab,77004,SS,0.0,1.0,1.0,0,0
368,2026-05-25,Aeab,77005,SS,0.0,1.0,1.0,0,0
369,2026-05-25,Aeab,77009,GV,26.0,27.0,53.0,0,0
370,2026-05-25,Aeab,77015,SS,0.0,4.0,4.0,0,0
371,2026-05-25,Aeab,77016,SS,0.0,5.0,5.0,0,0
372,2026-05-25,Aeab,77019,GV,1.0,1.0,2.0,0,0
373,2026-05-25,Aeab,77027,SS,0.0,1.0,1.0,0,0
374,2026-05-25,Aeab,77029,GV,0.0,2.0,2.0,0,0
375,2026-05-25,Aeab,77033,GV,1.0,1.0,2.0,0,0
376,2026-05-25,Aeab,77039,SS,0.0,1.0,1.0,0,0
377,2026-05-25,Aeab,77041,SS,0.0,9.0,9.0,0,0
378,2026-05-25,Aeab,77048,GV,0.0,1.0,1.0,0,0
379,2026-05-25,Aeab,77049,GV,0.0,1.0,1.0,0,0
380,2026-05-25,Aeab,77051,SS,0.0,1.0,1.0,0,0
381,2026-05-25,Aeab,77057,SS,0.0,1.0,1.0,0,0
382,2026-05-25,Aeab,77059,SS,0.0,5.0,5.0,0,0
383,2026-05-25,Aeab,77060,SS,0.0,1.0,1.0,0,0
384,2026-05-25,Aeab,77061,GV,41.0,44.0,85.0,0,0
385,2026-05-25,Aeab,77064,SS,0.0,3.0,3.0,0,0
386,2026-05-25,Aeab,77065,SS,0.0,2.0,2.0,0,0
387,2026-05-25,Aeab,77066,SS,0.0,2.0,2.0,0,0
388,2026-05-25,Aeab,77074,SS,0.0,2.0,2.0,0,0
389,2026-05-25,Aeab,77075,SS,0.0,3.0,3.0,0,0
390,2026-05-25,Aeab,77078,GV,0.0,3.0,3.0,0,0
391,2026-05-25,Aeab,77079,SS,0.0,2.0,2.0,0,0
392,2026-05-25,Aeab,77084,SS,0.0,2.0,2.0,0,0
393,2026-05-25,Aeab,77087,GV,20.0,28.0,48.0,0,0
394,2026-05-25,Aeab,77088,SS,0.0,2.0,2.0,0,0
395,2026-05-25,Aeab,77089,SS,0.0,1.0,1.0,0,0
396,2026-05-25,Aeab,77093,GV,79.0,108.0,187.0,0,0
397,2026-05-25,Aeab,77093,SS,0.0,5.0,5.0,0,0
398,2026-05-25,Aeab,77096,SS,0.0,1.0,1.0,0,0
399,2026-05-25,Aeab,77336,GV,0.0,4.0,4.0,0,0
400,2026-05-25,Aeab,77336,SS,0.0,5.0,5.0,0,0
401,2026-05-25,Aeab,77345,GV,0.0,1.0,1.0,0,0
402,2026-05-25,Aeab,77346,SS,1.0,5.0,6.0,0,0
403,2026-05-25,Aeab,77379,GV,7.0,3.0,10.0,0,0
404,2026-05-25,Aeab,77389,SS,0.0,1.0,1.0,0,0
405,2026-05-25,Aeab,77396,SS,0.0,4.0,4.0,0,0
406,2026-05-25,Aeab,77429,GV,5.0,10.0,15.0,0,0
407,2026-05-25,Aeab,77429,SS,0.0,1.0,1.0,0,0
408,2026-05-25,Aeab,77447,GV,3.0,7.0,10.0,0,0
409,2026-05-25,Aeab,77447,SS,0.0,4.0,4.0,0,0
410,2026-05-25,Aeab,77484,GV,8.0,12.0,20.0,0,0
411,2026-05-25,Aeab,77520,GV,3.0,1.0,4.0,0,0
412,2026-05-25,Aeab,77521,GV,27.0,134.0,161.0,0,0
413,2026-05-25,Aeab,77521,SS,0.0,1.0,1.0,0,0
414,2026-05-25,Aeab,77530,GV,0.0,2.0,2.0,0,0
415,2026-05-25,Aeab,77562,SS,0.0,1.0,1.0,0,0
416,2026-05-25,Aeab,77586,SS,0.0,2.0,2.0,0,0
417,2026-05-25,Aeae,77002,SS,0.0,1.0,1.0,0,0
418,2026-05-25,Aeae,77007,GV,3.0,0.0,3.0,0,0
419,2026-05-25,Aeae,77008,GV,0.0,4.0,4.0,0,0
420,2026-05-25,Aeae,77013,GV,1.0,1.0,2.0,0,0
421,2026-05-25,Aeae,77021,SS,0.0,1.0,1.0,0,0
422,2026-05-25,Aeae,77027,GV,0.0,1.0,1.0,0,0
423,2026-05-25,Aeae,77027,SS,0.0,5.0,5.0,0,0
424,2026-05-25,Aeae,77034,GV,0.0,6.0,6.0,0,0
425,2026-05-25,Aeae,77048,SS,0.0,2.0,2.0,0,0
426,2026-05-25,Aeae,77049,GV,5.0,15.0,20.0,0,0
427,2026-05-25,Aeae,77060,SS,0.0,1.0,1.0,0,0
428,2026-05-25,Aeae,77061,GV,8.0,16.0,24.0,0,0
429,2026-05-25,Aeae,77065,SS,0.0,4.0,4.0,0,0
430,2026-05-25,Aeae,77076,SS,0.0,1.0,1.0,0,0
431,2026-05-25,Aeae,77084,SS,0.0,1.0,1.0,0,0
432,2026-05-25,Aeae,77087,GV,1.0,1.0,2.0,0,0
433,2026-05-25,Aeae,77093,GV,1.0,3.0,4.0,0,0
434,2026-05-25,Aeae,77093,SS,0.0,1.0,1.0,0,0
435,2026-05-25,Aeae,77336,GV,0.0,1.0,1.0,0,0
436,2026-05-25,Aeae,77346,GV,1.0,1.0,2.0,0,0
437,2026-05-25,Aeae,77388,SS,0.0,1.0,1.0,0,0
438,2026-05-25,Aeae,77484,GV,3.0,3.0,6.0,0,0
439,2026-05-25,Aeae,77520,GV,4.0,5.0,9.0,0,0
440,2026-05-25,Aeae,77521,GV,3.0,18.0,21.0,0,0
441,2026-05-25,Aeae,77521,SS,0.0,3.0,3.0,0,0
442,2026-05-25,Aeae,77562,SS,0.0,2.0,2.0,0,0
443,2026-05-25,Cxqf,77004,SS,1.0,33.0,34.0,0,0
444,2026-05-25,Cxqf,77005,SS,0.0,34.0,34.0,0,0
445,2026-05-25,Cxqf,77007,GV,3.0,114.0,117.0,0,0
446,2026-05-25,Cxqf,77007,SS,2.0,238.0,240.0,0,0
447,2026-05-25,Cxqf,77008,SS,7.0,174.0,181.0,0,0
448,2026-05-25,Cxqf,77009,GV,4.0,34.0,38.0,0,0
449,2026-05-25,Cxqf,77009,SS,29.0,341.0,370.0,0,0
450,2026-05-25,Cxqf,77011,SS,6.0,95.0,101.0,0,0
451,2026-05-25,Cxqf,77013,SS,1.0,6.0,7.0,0,0
452,2026-05-25,Cxqf,77015,SS,35.0,146.0,181.0,0,0
453,2026-05-25,Cxqf,77016,SS,20.0,20.0,40.0,0,0
454,2026-05-25,Cxqf,77018,SS,2.0,23.0,25.0,0,0
455,2026-05-25,Cxqf,77020,SS,1.0,113.0,114.0,0,0
456,2026-05-25,Cxqf,77021,SS,15.0,230.0,245.0,1,0
457,2026-05-25,Cxqf,77022,SS,0.0,76.0,76.0,0,0
458,2026-05-25,Cxqf,77023,SS,13.0,213.0,226.0,0,0
459,2026-05-25,Cxqf,77024,SS,0.0,34.0,34.0,0,0
460,2026-05-25,Cxqf,77025,SS,2.0,14.0,16.0,0,0
461,2026-05-25,Cxqf,77026,SS,4.0,165.0,169.0,0,0
462,2026-05-25,Cxqf,77027,GV,7.0,9.0,16.0,0,0
463,2026-05-25,Cxqf,77027,SS,6.0,164.0,170.0,0,0
464,2026-05-25,Cxqf,77029,GV,1.0,27.0,28.0,0,0
465,2026-05-25,Cxqf,77030,SS,2.0,109.0,111.0,0,0
466,2026-05-25,Cxqf,77031,SS,10.0,306.0,316.0,0,0
467,2026-05-25,Cxqf,77032,SS,2.0,130.0,132.0,0,0
468,2026-05-25,Cxqf,77033,SS,0.0,12.0,12.0,0,0
469,2026-05-25,Cxqf,77034,GV,1.0,170.0,171.0,0,0
470,2026-05-25,Cxqf,77034,SS,17.0,228.0,245.0,0,0
471,2026-05-25,Cxqf,77037,GV,29.0,81.0,110.0,1,0
472,2026-05-25,Cxqf,77038,SS,96.0,299.0,395.0,0,0
473,2026-05-25,Cxqf,77040,SS,0.0,30.0,30.0,0,0
474,2026-05-25,Cxqf,77041,SS,6.0,144.0,150.0,0,0
475,2026-05-25,Cxqf,77044,SS,0.0,93.0,93.0,0,0
476,2026-05-25,Cxqf,77048,SS,0.0,18.0,18.0,0,0
477,2026-05-25,Cxqf,77049,GV,8.0,48.0,56.0,0,0
478,2026-05-25,Cxqf,77049,SS,1.0,35.0,36.0,0,0
479,2026-05-25,Cxqf,77051,SS,10.0,156.0,166.0,0,0
480,2026-05-25,Cxqf,77054,SS,1.0,42.0,43.0,0,0
481,2026-05-25,Cxqf,77055,SS,1.0,142.0,143.0,0,0
482,2026-05-25,Cxqf,77059,SS,9.0,575.0,584.0,0,0
483,2026-05-25,Cxqf,77060,SS,7.0,190.0,197.0,0,0
484,2026-05-25,Cxqf,77061,GV,44.0,72.0,116.0,0,0
485,2026-05-25,Cxqf,77061,SS,6.0,109.0,115.0,1,0
486,2026-05-25,Cxqf,77063,SS,2.0,208.0,210.0,0,0
487,2026-05-25,Cxqf,77065,SS,3.0,177.0,180.0,0,0
488,2026-05-25,Cxqf,77066,SS,0.0,116.0,116.0,0,0
489,2026-05-25,Cxqf,77067,SS,7.0,104.0,111.0,0,0
490,2026-05-25,Cxqf,77069,SS,1.0,66.0,67.0,0,0
491,2026-05-25,Cxqf,77071,SS,6.0,115.0,121.0,0,0
492,2026-05-25,Cxqf,77072,SS,13.0,257.0,270.0,0,0
493,2026-05-25,Cxqf,77074,SS,11.0,262.0,273.0,0,0
494,2026-05-25,Cxqf,77075,SS,66.0,471.0,537.0,0,0
495,2026-05-25,Cxqf,77076,SS,3.0,34.0,37.0,0,0
496,2026-05-25,Cxqf,77077,SS,0.0,59.0,59.0,0,0
497,2026-05-25,Cxqf,77080,SS,6.0,172.0,178.0,0,0
498,2026-05-25,Cxqf,77084,SS,0.0,24.0,24.0,0,0
499,2026-05-25,Cxqf,77087,GV,0.0,1.0,1.0,0,0
500,2026-05-25,Cxqf,77087,SS,0.0,46.0,46.0,0,0
501,2026-05-25,Cxqf,77088,SS,1.0,9.0,10.0,0,0
502,2026-05-25,Cxqf,77089,SS,26.0,171.0,197.0,0,0
503,2026-05-25,Cxqf,77090,SS,2.0,70.0,72.0,0,0
504,2026-05-25,Cxqf,77091,SS,2.0,13.0,15.0,0,0
505,2026-05-25,Cxqf,77092,SS,2.0,39.0,41.0,0,0
506,2026-05-25,Cxqf,77093,SS,14.0,304.0,318.0,0,0
507,2026-05-25,Cxqf,77095,SS,10.0,149.0,159.0,1,0
508,2026-05-25,Cxqf,77096,SS,3.0,59.0,62.0,0,0
509,2026-05-25,Cxqf,77336,GV,17.0,824.0,841.0,0,0
510,2026-05-25,Cxqf,77336,SS,35.0,347.0,382.0,0,0
511,2026-05-25,Cxqf,77339,GV,1.0,57.0,58.0,0,0
512,2026-05-25,Cxqf,77339,SS,12.0,220.0,232.0,0,0
513,2026-05-25,Cxqf,77345,GV,12.0,480.0,492.0,0,0
514,2026-05-25,Cxqf,77346,GV,6.0,493.0,499.0,0,0
515,2026-05-25,Cxqf,77346,SS,1.0,66.0,67.0,0,0
516,2026-05-25,Cxqf,77375,SS,21.0,644.0,665.0,0,0
517,2026-05-25,Cxqf,77379,GV,39.0,132.0,171.0,0,0
518,2026-05-25,Cxqf,77379,SS,0.0,20.0,20.0,0,0
519,2026-05-25,Cxqf,77388,SS,47.0,241.0,288.0,0,0
520,2026-05-25,Cxqf,77389,SS,1.0,226.0,227.0,0,0
521,2026-05-25,Cxqf,77396,SS,10.0,76.0,86.0,0,0
522,2026-05-25,Cxqf,77401,SS,37.0,178.0,215.0,0,0
523,2026-05-25,Cxqf,77429,GV,2.0,4.0,6.0,0,0
524,2026-05-25,Cxqf,77429,SS,5.0,286.0,291.0,0,0
525,2026-05-25,Cxqf,77433,GV,7.0,143.0,150.0,0,0
526,2026-05-25,Cxqf,77433,SS,3.0,133.0,136.0,0,0
527,2026-05-25,Cxqf,77447,GV,1.0,8.0,9.0,0,0
528,2026-05-25,Cxqf,77447,SS,8.0,79.0,87.0,0,0
529,2026-05-25,Cxqf,77449,GV,11.0,137.0,148.0,0,0
530,2026-05-25,Cxqf,77506,SS,29.0,40.0,69.0,1,0
531,2026-05-25,Cxqf,77520,GV,5.0,18.0,23.0,0,0
532,2026-05-25,Cxqf,77520,SS,3.0,191.0,194.0,0,0
533,2026-05-25,Cxqf,77521,GV,0.0,5.0,5.0,0,0
534,2026-05-25,Cxqf,77521,SS,15.0,73.0,88.0,0,0
535,2026-05-25,Cxqf,77530,GV,1.0,55.0,56.0,0,0
536,2026-05-25,Cxqf,77530,SS,9.0,49.0,58.0,0,0
537,2026-05-25,Cxqf,77532,SS,2.0,228.0,230.0,0,0
538,2026-05-25,Cxqf,77546,SS,4.0,80.0,84.0,0,0
539,2026-05-25,Cxqf,77547,SS,0.0,24.0,24.0,0,0
540,2026-05-25,Cxqf,77562,SS,2.0,142.0,144.0,0,0
541,2026-06-01,Aeab,77003,BG,2.0,0.0,2.0,0,0
542,2026-06-01,Aeab,77004,BG,8.0,10.0,18.0,0,0
543,2026-06-01,Aeab,77009,BG,0.0,3.0,3.0,0,0
544,2026-06-01,Aeab,77013,BG,0.0,5.0,5.0,0,0
545,2026-06-01,Aeab,77014,BG,31.0,9.0,40.0,0,0
546,2026-06-01,Aeab,77020,BG,0.0,18.0,18.0,0,0
547,2026-06-01,Aeab,77024,BG,0.0,1.0,1.0,0,0
548,2026-06-01,Aeab,77025,BG,25.0,50.0,75.0,0,0
549,2026-06-01,Aeab,77028,BG,0.0,4.0,4.0,0,0
550,2026-06-01,Aeab,77030,BG,3.0,7.0,10.0,0,0
551,2026-06-01,Aeab,77032,BG,7.0,32.0,39.0,0,0
552,2026-06-01,Aeab,77033,BG,0.0,5.0,5.0,0,0
553,2026-06-01,Aeab,77034,BG,0.0,6.0,6.0,0,0
554,2026-06-01,Aeab,77041,BG,1.0,0.0,1.0,0,0
555,2026-06-01,Aeab,77056,BG,21.0,7.0,28.0,0,0
556,2026-06-01,Aeab,77061,BG,130.0,103.0,233.0,0,0
557,2026-06-01,Aeab,77075,BG,15.0,15.0,30.0,0,0
558,2026-06-01,Aeab,77083,BG,0.0,5.0,5.0,0,0
559,2026-06-01,Aeab,77093,BG,3.0,10.0,13.0,0,0
560,2026-06-01,Aeab,77096,BG,0.0,1.0,1.0,0,0
561,2026-06-01,Aeab,77338,BG,12.0,16.0,28.0,0,0
562,2026-06-01,Aeab,77373,BG,2.0,2.0,4.0,0,0
563,2026-06-01,Aeab,77379,BG,1.0,1.0,2.0,0,0
564,2026-06-01,Aeab,77396,BG,15.0,19.0,34.0,0,0
565,2026-06-01,Aeab,77429,BG,68.0,48.0,116.0,0,0
566,2026-06-01,Aeab,77433,BG,0.0,1.0,1.0,0,0
567,2026-06-01,Aeab,77447,BG,0.0,2.0,2.0,0,0
568,2026-06-01,Aeab,77450,BG,49.0,53.0,102.0,0,0
569,2026-06-01,Aeab,77520,BG,0.0,2.0,2.0,0,0
570,2026-06-01,Aeab,77532,BG,14.0,24.0,38.0,0,0
571,2026-06-01,Aeab,77536,BG,12.0,20.0,32.0,0,0
572,2026-06-01,Aeae,77004,BG,12.0,6.0,18.0,0,0
573,2026-06-01,Aeae,77013,BG,0.0,2.0,2.0,0,0
574,2026-06-01,Aeae,77014,BG,0.0,1.0,1.0,0,0
575,2026-06-01,Aeae,77020,BG,8.0,14.0,22.0,0,0
576,2026-06-01,Aeae,77025,BG,1.0,5.0,6.0,0,0
577,2026-06-01,Aeae,77030,BG,2.0,1.0,3.0,0,0
578,2026-06-01,Aeae,77032,BG,0.0,5.0,5.0,0,0
579,2026-06-01,Aeae,77033,BG,0.0,1.0,1.0,0,0
580,2026-06-01,Aeae,77034,BG,0.0,2.0,2.0,0,0
581,2026-06-01,Aeae,77041,BG,2.0,1.0,3.0,0,0
582,2026-06-01,Aeae,77056,BG,0.0,6.0,6.0,0,0
583,2026-06-01,Aeae,77061,BG,5.0,14.0,19.0,0,0
584,2026-06-01,Aeae,77075,BG,1.0,10.0,11.0,0,0
585,2026-06-01,Aeae,77093,BG,4.0,7.0,11.0,0,0
586,2026-06-01,Aeae,77096,BG,0.0,7.0,7.0,0,0
587,2026-06-01,Aeae,77338,BG,0.0,1.0,1.0,0,0
588,2026-06-01,Aeae,77429,BG,6.0,6.0,12.0,0,0
589,2026-06-01,Aeae,77450,BG,1.0,7.0,8.0,0,0
590,2026-06-01,Aeae,77520,BG,0.0,1.0,1.0,0,0
591,2026-06-01,Aeae,77536,BG,2.0,1.0,3.0,0,0
592,2026-06-01,Cxqf,77003,BG,10.0,40.0,50.0,0,0
593,2026-06-01,Cxqf,77004,BG,171.0,393.0,564.0,1,0
594,2026-06-01,Cxqf,77009,BG,57.0,189.0,246.0,0,0
595,2026-06-01,Cxqf,77013,BG,150.0,447.0,597.0,1,0
596,2026-06-01,Cxqf,77014,BG,48.0,1946.0,1994.0,1,0
597,2026-06-01,Cxqf,77020,BG,70.0,671.0,741.0,0,0
598,2026-06-01,Cxqf,77024,BG,3.0,47.0,50.0,0,0
599,2026-06-01,Cxqf,77025,BG,106.0,321.0,427.0,1,0
600,2026-06-01,Cxqf,77028,BG,211.0,1392.0,1603.0,0,0
601,2026-06-01,Cxqf,77030,BG,18.0,187.0,205.0,0,0
602,2026-06-01,Cxqf,77032,BG,376.0,2089.0,2465.0,1,0
603,2026-06-01,Cxqf,77034,BG,183.0,738.0,921.0,1,0
604,2026-06-01,Cxqf,77041,BG,40.0,77.0,117.0,0,0
605,2026-06-01,Cxqf,77056,BG,54.0,586.0,640.0,0,0
606,2026-06-01,Cxqf,77061,BG,552.0,1641.0,2193.0,1,0
607,2026-06-01,Cxqf,77064,BG,60.0,438.0,498.0,0,0
608,2026-06-01,Cxqf,77075,BG,142.0,1086.0,1228.0,0,0
609,2026-06-01,Cxqf,77083,BG,47.0,182.0,229.0,0,0
610,2026-06-01,Cxqf,77093,BG,0.0,3.0,3.0,0,0
611,2026-06-01,Cxqf,77096,BG,28.0,359.0,387.0,1,0
612,2026-06-01,Cxqf,77338,BG,80.0,611.0,691.0,1,0
613,2026-06-01,Cxqf,77339,BG,7.0,54.0,61.0,1,0
614,2026-06-01,Cxqf,77373,BG,17.0,35.0,52.0,0,0
615,2026-06-01,Cxqf,77379,BG,35.0,257.0,292.0,0,0
616,2026-06-01,Cxqf,77396,BG,6.0,41.0,47.0,0,0
617,2026-06-01,Cxqf,77429,BG,30.0,368.0,398.0,0,0
618,2026-06-01,Cxqf,77433,BG,24.0,229.0,253.0,0,0
619,2026-06-01,Cxqf,77447,BG,155.0,1696.0,1851.0,0,0
620,2026-06-01,Cxqf,77450,BG,42.0,570.0,612.0,0,0
621,2026-06-01,Cxqf,77520,BG,279.0,729.0,1008.0,0,0
622,2026-06-01,Cxqf,77532,BG,15.0,101.0,116.0,1,0
623,2026-06-01,Cxqf,77536,BG,129.0,415.0,544.0,0,0
624,2026-06-08,Aeab,77003,BG,76.0,64.0,140.0,0,0
625,2026-06-08,Aeab,77004,BG,4.0,11.0,15.0,0,0
626,2026-06-08,Aeab,77007,GV,0.0,1.0,1.0,0,0
627,2026-06-08,Aeab,77013,BG,2.0,2.0,4.0,0,0
628,2026-06-08,Aeab,77014,GV,0.0,1.0,1.0,0,0
629,2026-06-08,Aeab,77017,GV,0.0,1.0,1.0,0,0
630,2026-06-08,Aeab,77020,GV,0.0,3.0,3.0,0,0
631,2026-06-08,Aeab,77024,GV,0.0,6.0,6.0,0,0
632,2026-06-08,Aeab,77025,BG,13.0,6.0,19.0,0,0
633,2026-06-08,Aeab,77026,GV,0.0,1.0,1.0,0,0
634,2026-06-08,Aeab,77030,GV,0.0,1.0,1.0,0,0
635,2026-06-08,Aeab,77032,BG,90.0,146.0,236.0,0,0
636,2026-06-08,Aeab,77032,GV,1.0,6.0,7.0,0,0
637,2026-06-08,Aeab,77034,BG,49.0,134.0,183.0,0,0
638,2026-06-08,Aeab,77034,GV,0.0,2.0,2.0,0,0
639,2026-06-08,Aeab,77041,GV,0.0,6.0,6.0,0,0
640,2026-06-08,Aeab,77044,GV,0.0,1.0,1.0,0,0
641,2026-06-08,Aeab,77045,GV,0.0,5.0,5.0,0,0
642,2026-06-08,Aeab,77047,GV,0.0,5.0,5.0,0,0
643,2026-06-08,Aeab,77051,GV,1.0,2.0,3.0,0,0
644,2026-06-08,Aeab,77055,GV,0.0,1.0,1.0,0,0
645,2026-06-08,Aeab,77056,BG,14.0,12.0,26.0,0,0
646,2026-06-08,Aeab,77056,GV,0.0,3.0,3.0,0,0
647,2026-06-08,Aeab,77061,BG,25.0,59.0,84.0,0,0
648,2026-06-08,Aeab,77061,GV,0.0,2.0,2.0,0,0
649,2026-06-08,Aeab,77063,GV,1.0,0.0,1.0,0,0
650,2026-06-08,Aeab,77073,GV,0.0,1.0,1.0,0,0
651,2026-06-08,Aeab,77075,BG,17.0,43.0,60.0,0,0
652,2026-06-08,Aeab,77076,GV,0.0,2.0,2.0,0,0
653,2026-06-08,Aeab,77079,GV,4.0,2.0,6.0,0,0
654,2026-06-08,Aeab,77080,GV,0.0,1.0,1.0,0,0
655,2026-06-08,Aeab,77083,BG,0.0,1.0,1.0,0,0
656,2026-06-08,Aeab,77092,GV,0.0,2.0,2.0,0,0
657,2026-06-08,Aeab,77093,GV,0.0,2.0,2.0,0,0
658,2026-06-08,Aeab,77094,GV,0.0,2.0,2.0,0,0
659,2026-06-08,Aeab,77339,BG,28.0,18.0,46.0,0,0
660,2026-06-08,Aeab,77373,GV,0.0,2.0,2.0,0,0
661,2026-06-08,Aeab,77375,GV,0.0,2.0,2.0,0,0
662,2026-06-08,Aeab,77396,GV,0.0,1.0,1.0,0,0
663,2026-06-08,Aeab,77401,GV,0.0,3.0,3.0,0,0
664,2026-06-08,Aeab,77429,BG,22.0,21.0,43.0,0,0
665,2026-06-08,Aeab,77429,GV,0.0,27.0,27.0,0,0
666,2026-06-08,Aeab,77447,GV,0.0,3.0,3.0,0,0
667,2026-06-08,Aeab,77450,BG,0.0,1.0,1.0,0,0
668,2026-06-08,Aeab,77450,GV,0.0,3.0,3.0,0,0
669,2026-06-08,Aeab,77493,GV,0.0,3.0,3.0,0,0
670,2026-06-08,Aeab,77502,GV,0.0,1.0,1.0,0,0
671,2026-06-08,Aeab,77520,BG,16.0,67.0,83.0,0,0
672,2026-06-08,Aeab,77532,GV,0.0,2.0,2.0,0,0
673,2026-06-08,Aeab,77536,BG,0.0,2.0,2.0,0,0
674,2026-06-08,Aeab,77571,GV,0.0,2.0,2.0,0,0
675,2026-06-08,Aeae,77003,BG,9.0,11.0,20.0,0,0
676,2026-06-08,Aeae,77009,BG,0.0,1.0,1.0,0,0
677,2026-06-08,Aeae,77014,BG,0.0,1.0,1.0,0,0
678,2026-06-08,Aeae,77017,GV,0.0,2.0,2.0,0,0
679,2026-06-08,Aeae,77025,BG,6.0,24.0,30.0,0,0
680,2026-06-08,Aeae,77032,BG,3.0,9.0,12.0,0,0
681,2026-06-08,Aeae,77032,GV,5.0,1.0,6.0,0,0
682,2026-06-08,Aeae,77034,BG,1.0,9.0,10.0,0,0
683,2026-06-08,Aeae,77034,GV,0.0,1.0,1.0,0,0
684,2026-06-08,Aeae,77039,GV,0.0,1.0,1.0,0,0
685,2026-06-08,Aeae,77041,GV,0.0,3.0,3.0,0,0
686,2026-06-08,Aeae,77043,GV,2.0,1.0,3.0,0,0
687,2026-06-08,Aeae,77045,GV,3.0,4.0,7.0,0,0
688,2026-06-08,Aeae,77047,GV,0.0,2.0,2.0,0,0
689,2026-06-08,Aeae,77051,GV,1.0,1.0,2.0,0,0
690,2026-06-08,Aeae,77056,BG,2.0,8.0,10.0,0,0
691,2026-06-08,Aeae,77061,BG,0.0,9.0,9.0,0,0
692,2026-06-08,Aeae,77061,GV,0.0,1.0,1.0,0,0
693,2026-06-08,Aeae,77075,BG,34.0,57.0,91.0,0,0
694,2026-06-08,Aeae,77080,GV,0.0,1.0,1.0,0,0
695,2026-06-08,Aeae,77084,GV,0.0,2.0,2.0,0,0
696,2026-06-08,Aeae,77338,GV,0.0,1.0,1.0,0,0
697,2026-06-08,Aeae,77339,BG,41.0,39.0,80.0,0,0
698,2026-06-08,Aeae,77447,GV,0.0,1.0,1.0,0,0
699,2026-06-08,Aeae,77506,GV,0.0,3.0,3.0,0,0
700,2026-06-08,Aeae,77520,BG,24.0,39.0,63.0,0,0
701,2026-06-08,Aeae,77532,GV,0.0,1.0,1.0,0,0
702,2026-06-08,Aeae,77571,GV,0.0,1.0,1.0,0,0
703,2026-06-08,Aeae,77587,GV,0.0,1.0,1.0,0,0
704,2026-06-08,Cxqf,77006,GV,9.0,160.0,169.0,0,0
705,2026-06-08,Cxqf,77007,GV,9.0,6.0,15.0,0,0
706,2026-06-08,Cxqf,77009,BG,23.0,69.0,92.0,0,0
707,2026-06-08,Cxqf,77013,BG,6.0,34.0,40.0,1,0
708,2026-06-08,Cxqf,77014,BG,7.0,29.0,36.0,1,0
709,2026-06-08,Cxqf,77017,GV,5.0,69.0,74.0,0,0
710,2026-06-08,Cxqf,77020,GV,47.0,220.0,267.0,1,0
711,2026-06-08,Cxqf,77022,GV,19.0,307.0,326.0,0,0
712,2026-06-08,Cxqf,77024,GV,33.0,209.0,242.0,1,0
713,2026-06-08,Cxqf,77025,BG,3.0,12.0,15.0,0,0
714,2026-06-08,Cxqf,77029,GV,12.0,47.0,59.0,0,0
715,2026-06-08,Cxqf,77030,GV,25.0,26.0,51.0,0,0
716,2026-06-08,Cxqf,77032,BG,25.0,44.0,69.0,0,0
717,2026-06-08,Cxqf,77032,GV,42.0,239.0,281.0,1,0
718,2026-06-08,Cxqf,77033,BG,14.0,40.0,54.0,0,0
719,2026-06-08,Cxqf,77034,BG,60.0,264.0,324.0,0,0
720,2026-06-08,Cxqf,77034,GV,37.0,437.0,474.0,1,0
721,2026-06-08,Cxqf,77040,GV,17.0,88.0,105.0,1,0
722,2026-06-08,Cxqf,77041,GV,79.0,736.0,815.0,1,0
723,2026-06-08,Cxqf,77043,GV,13.0,54.0,67.0,0,0
724,2026-06-08,Cxqf,77044,GV,8.0,281.0,289.0,0,0
725,2026-06-08,Cxqf,77045,GV,169.0,402.0,571.0,0,0
726,2026-06-08,Cxqf,77047,GV,36.0,227.0,263.0,0,0
727,2026-06-08,Cxqf,77048,GV,3.0,29.0,32.0,1,0
728,2026-06-08,Cxqf,77049,GV,7.0,121.0,128.0,0,0
729,2026-06-08,Cxqf,77051,GV,37.0,146.0,183.0,1,0
730,2026-06-08,Cxqf,77055,GV,5.0,97.0,102.0,0,0
731,2026-06-08,Cxqf,77056,GV,2.0,464.0,466.0,1,0
732,2026-06-08,Cxqf,77061,BG,9.0,65.0,74.0,0,0
733,2026-06-08,Cxqf,77061,GV,15.0,122.0,137.0,1,0
734,2026-06-08,Cxqf,77063,GV,16.0,33.0,49.0,0,0
735,2026-06-08,Cxqf,77066,GV,19.0,598.0,617.0,0,0
736,2026-06-08,Cxqf,77073,GV,55.0,153.0,208.0,0,0
737,2026-06-08,Cxqf,77075,BG,35.0,33.0,68.0,1,0
738,2026-06-08,Cxqf,77075,GV,18.0,281.0,299.0,0,0
739,2026-06-08,Cxqf,77079,GV,21.0,176.0,197.0,1,0
740,2026-06-08,Cxqf,77080,GV,15.0,145.0,160.0,1,0
741,2026-06-08,Cxqf,77084,GV,8.0,62.0,70.0,0,0
742,2026-06-08,Cxqf,77091,GV,41.0,319.0,360.0,0,0
743,2026-06-08,Cxqf,77093,GV,49.0,47.0,96.0,1,0
744,2026-06-08,Cxqf,77094,GV,10.0,9.0,19.0,0,0
745,2026-06-08,Cxqf,77096,BG,0.0,17.0,17.0,0,0
746,2026-06-08,Cxqf,77338,BG,149.0,402.0,551.0,0,0
747,2026-06-08,Cxqf,77338,GV,58.0,239.0,297.0,1,0
748,2026-06-08,Cxqf,77339,BG,20.0,21.0,41.0,0,0
749,2026-06-08,Cxqf,77373,GV,118.0,561.0,679.0,0,0
750,2026-06-08,Cxqf,77375,GV,15.0,103.0,118.0,0,0
751,2026-06-08,Cxqf,77396,GV,0.0,60.0,60.0,0,0
752,2026-06-08,Cxqf,77401,GV,7.0,101.0,108.0,0,0
753,2026-06-08,Cxqf,77429,GV,51.0,259.0,310.0,1,0
754,2026-06-08,Cxqf,77447,GV,94.0,508.0,602.0,0,0
755,2026-06-08,Cxqf,77450,BG,0.0,133.0,133.0,0,0
756,2026-06-08,Cxqf,77450,GV,28.0,74.0,102.0,0,0
757,2026-06-08,Cxqf,77493,GV,42.0,170.0,212.0,0,0
758,2026-06-08,Cxqf,77502,GV,14.0,56.0,70.0,0,0
759,2026-06-08,Cxqf,77503,GV,4.0,39.0,43.0,0,0
760,2026-06-08,Cxqf,77504,GV,2.0,76.0,78.0,0,0
761,2026-06-08,Cxqf,77505,GV,12.0,94.0,106.0,1,0
762,2026-06-08,Cxqf,77506,GV,82.0,206.0,288.0,1,0
763,2026-06-08,Cxqf,77507,GV,41.0,170.0,211.0,1,0
764,2026-06-08,Cxqf,77520,BG,4.0,36.0,40.0,0,0
765,2026-06-08,Cxqf,77532,GV,23.0,147.0,170.0,1,0
766,2026-06-08,Cxqf,77536,BG,5.0,66.0,71.0,1,0
767,2026-06-08,Cxqf,77562,GV,20.0,83.0,103.0,0,0
768,2026-06-08,Cxqf,77571,GV,77.0,291.0,368.0,1,0
769,2026-06-08,Cxqf,77587,GV,0.0,115.0,115.0,0,0
770,2026-06-15,Aeab,77002,GV,0.0,2.0,2.0,0,0
771,2026-06-15,Aeab,77003,GV,43.0,121.0,164.0,0,0
772,2026-06-15,Aeab,77004,GV,0.0,3.0,3.0,0,0
773,2026-06-15,Aeab,77017,GV,6.0,10.0,16.0,0,0
774,2026-06-15,Aeab,77018,GV,0.0,6.0,6.0,0,0
775,2026-06-15,Aeab,77020,GV,1.0,7.0,8.0,0,0
776,2026-06-15,Aeab,77022,GV,0.0,1.0,1.0,0,0
777,2026-06-15,Aeab,77024,GV,0.0,8.0,8.0,0,0
778,2026-06-15,Aeab,77025,GV,0.0,1.0,1.0,0,0
779,2026-06-15,Aeab,77026,GV,0.0,4.0,4.0,0,0
780,2026-06-15,Aeab,77028,GV,10.0,19.0,29.0,0,0
781,2026-06-15,Aeab,77029,GV,11.0,38.0,49.0,0,0
782,2026-06-15,Aeab,77030,GV,0.0,3.0,3.0,0,0
783,2026-06-15,Aeab,77032,GV,1.0,36.0,37.0,0,0
784,2026-06-15,Aeab,77033,GV,13.0,29.0,42.0,0,0
785,2026-06-15,Aeab,77034,GV,0.0,3.0,3.0,0,0
786,2026-06-15,Aeab,77039,GV,0.0,1.0,1.0,0,0
787,2026-06-15,Aeab,77040,GV,0.0,9.0,9.0,0,0
788,2026-06-15,Aeab,77041,GV,1.0,7.0,8.0,0,0
789,2026-06-15,Aeab,77043,GV,0.0,2.0,2.0,0,0
790,2026-06-15,Aeab,77044,GV,0.0,6.0,6.0,0,0
791,2026-06-15,Aeab,77045,GV,0.0,5.0,5.0,0,0
792,2026-06-15,Aeab,77047,GV,0.0,10.0,10.0,0,0
793,2026-06-15,Aeab,77048,GV,0.0,1.0,1.0,0,0
794,2026-06-15,Aeab,77049,GV,0.0,1.0,1.0,0,0
795,2026-06-15,Aeab,77051,GV,0.0,12.0,12.0,0,0
796,2026-06-15,Aeab,77054,GV,0.0,2.0,2.0,0,0
797,2026-06-15,Aeab,77055,GV,0.0,3.0,3.0,0,0
798,2026-06-15,Aeab,77056,GV,0.0,1.0,1.0,0,0
799,2026-06-15,Aeab,77057,GV,0.0,3.0,3.0,0,0
800,2026-06-15,Aeab,77058,GV,30.0,81.0,111.0,0,0
801,2026-06-15,Aeab,77061,GV,0.0,6.0,6.0,0,0
802,2026-06-15,Aeab,77063,GV,0.0,7.0,7.0,0,0
803,2026-06-15,Aeab,77065,GV,1.0,4.0,5.0,0,0
804,2026-06-15,Aeab,77066,GV,0.0,1.0,1.0,0,0
805,2026-06-15,Aeab,77067,GV,0.0,1.0,1.0,0,0
806,2026-06-15,Aeab,77069,GV,0.0,2.0,2.0,0,0
807,2026-06-15,Aeab,77070,GV,0.0,1.0,1.0,0,0
808,2026-06-15,Aeab,77072,GV,0.0,3.0,3.0,0,0
809,2026-06-15,Aeab,77073,GV,0.0,4.0,4.0,0,0
810,2026-06-15,Aeab,77076,GV,0.0,1.0,1.0,0,0
811,2026-06-15,Aeab,77080,GV,0.0,4.0,4.0,0,0
812,2026-06-15,Aeab,77083,GV,43.0,46.0,89.0,0,0
813,2026-06-15,Aeab,77085,GV,0.0,1.0,1.0,0,0
814,2026-06-15,Aeab,77088,GV,0.0,1.0,1.0,0,0
815,2026-06-15,Aeab,77090,GV,0.0,3.0,3.0,0,0
816,2026-06-15,Aeab,77091,GV,0.0,1.0,1.0,0,0
817,2026-06-15,Aeab,77092,GV,0.0,1.0,1.0,0,0
818,2026-06-15,Aeab,77093,GV,2.0,4.0,6.0,0,0
819,2026-06-15,Aeab,77094,GV,0.0,12.0,12.0,0,0
820,2026-06-15,Aeab,77336,GV,17.0,39.0,56.0,0,0
821,2026-06-15,Aeab,77338,GV,7.0,52.0,59.0,0,0
822,2026-06-15,Aeab,77345,GV,9.0,46.0,55.0,0,0
823,2026-06-15,Aeab,77373,GV,0.0,6.0,6.0,0,0
824,2026-06-15,Aeab,77375,GV,0.0,7.0,7.0,0,0
825,2026-06-15,Aeab,77396,GV,0.0,10.0,10.0,0,0
826,2026-06-15,Aeab,77401,GV,0.0,6.0,6.0,0,0
827,2026-06-15,Aeab,77429,GV,0.0,7.0,7.0,0,0
828,2026-06-15,Aeab,77433,GV,0.0,1.0,1.0,0,0
829,2026-06-15,Aeab,77447,GV,5.0,4.0,9.0,0,0
830,2026-06-15,Aeab,77449,GV,0.0,3.0,3.0,0,0
831,2026-06-15,Aeab,77450,GV,0.0,8.0,8.0,0,0
832,2026-06-15,Aeab,77484,GV,6.0,54.0,60.0,0,0
833,2026-06-15,Aeab,77493,GV,0.0,2.0,2.0,0,0
834,2026-06-15,Aeab,77502,GV,0.0,3.0,3.0,0,0
835,2026-06-15,Aeab,77504,GV,2.0,8.0,10.0,0,0
836,2026-06-15,Aeab,77506,GV,0.0,3.0,3.0,0,0
837,2026-06-15,Aeab,77520,GV,0.0,2.0,2.0,0,0
838,2026-06-15,Aeab,77532,GV,2.0,13.0,15.0,0,0
839,2026-06-15,Aeab,77536,GV,0.0,4.0,4.0,0,0
840,2026-06-15,Aeab,77562,GV,0.0,16.0,16.0,0,0
841,2026-06-15,Aeab,77571,GV,1.0,15.0,16.0,0,0
842,2026-06-15,Aeae,77004,GV,0.0,8.0,8.0,0,0
843,2026-06-15,Aeae,77005,GV,0.0,5.0,5.0,0,0
844,2026-06-15,Aeae,77006,GV,0.0,3.0,3.0,0,0
845,2026-06-15,Aeae,77014,GV,0.0,6.0,6.0,0,0
846,2026-06-15,Aeae,77017,GV,2.0,14.0,16.0,0,0
847,2026-06-15,Aeae,77020,GV,0.0,1.0,1.0,0,0
848,2026-06-15,Aeae,77022,GV,0.0,4.0,4.0,0,0
849,2026-06-15,Aeae,77024,GV,0.0,1.0,1.0,0,0
850,2026-06-15,Aeae,77025,GV,0.0,1.0,1.0,0,0
851,2026-06-15,Aeae,77026,GV,0.0,3.0,3.0,0,0
852,2026-06-15,Aeae,77028,GV,5.0,11.0,16.0,0,0
853,2026-06-15,Aeae,77029,GV,1.0,3.0,4.0,0,0
854,2026-06-15,Aeae,77030,GV,0.0,1.0,1.0,0,0
855,2026-06-15,Aeae,77032,GV,0.0,3.0,3.0,0,0
856,2026-06-15,Aeae,77033,GV,25.0,43.0,68.0,0,0
857,2026-06-15,Aeae,77034,GV,0.0,4.0,4.0,0,0
858,2026-06-15,Aeae,77040,GV,1.0,9.0,10.0,0,0
859,2026-06-15,Aeae,77041,GV,1.0,8.0,9.0,0,0
860,2026-06-15,Aeae,77043,GV,0.0,1.0,1.0,0,0
861,2026-06-15,Aeae,77047,GV,0.0,2.0,2.0,0,0
862,2026-06-15,Aeae,77048,GV,0.0,4.0,4.0,0,0
863,2026-06-15,Aeae,77051,GV,0.0,6.0,6.0,0,0
864,2026-06-15,Aeae,77061,GV,0.0,5.0,5.0,0,0
865,2026-06-15,Aeae,77073,GV,0.0,1.0,1.0,0,0
866,2026-06-15,Aeae,77078,GV,4.0,16.0,20.0,0,0
867,2026-06-15,Aeae,77080,GV,0.0,4.0,4.0,0,0
868,2026-06-15,Aeae,77083,GV,2.0,7.0,9.0,0,0
869,2026-06-15,Aeae,77084,GV,0.0,1.0,1.0,0,0
870,2026-06-15,Aeae,77085,GV,0.0,8.0,8.0,0,0
871,2026-06-15,Aeae,77092,GV,0.0,2.0,2.0,0,0
872,2026-06-15,Aeae,77336,GV,6.0,11.0,17.0,0,0
873,2026-06-15,Aeae,77345,GV,0.0,1.0,1.0,0,0
874,2026-06-15,Aeae,77373,GV,1.0,0.0,1.0,0,0
875,2026-06-15,Aeae,77375,GV,0.0,3.0,3.0,0,0
876,2026-06-15,Aeae,77379,GV,1.0,3.0,4.0,0,0
877,2026-06-15,Aeae,77396,GV,2.0,8.0,10.0,0,0
878,2026-06-15,Aeae,77447,GV,1.0,3.0,4.0,0,0
879,2026-06-15,Aeae,77449,GV,0.0,2.0,2.0,0,0
880,2026-06-15,Aeae,77484,GV,0.0,1.0,1.0,0,0
881,2026-06-15,Aeae,77493,GV,0.0,5.0,5.0,0,0
882,2026-06-15,Aeae,77502,GV,0.0,2.0,2.0,0,0
883,2026-06-15,Aeae,77507,GV,0.0,1.0,1.0,0,0
884,2026-06-15,Aeae,77521,GV,3.0,13.0,16.0,0,0
885,2026-06-15,Aeae,77532,GV,2.0,8.0,10.0,0,0
886,2026-06-15,Aeae,77562,GV,0.0,2.0,2.0,0,0
887,2026-06-15,Aeae,77571,GV,0.0,1.0,1.0,0,0
888,2026-06-15,Aeae,77586,GV,9.0,18.0,27.0,0,0
889,2026-06-15,Cxqf,77002,GV,10.0,79.0,89.0,1,0
890,2026-06-15,Cxqf,77004,GV,18.0,408.0,426.0,1,0
891,2026-06-15,Cxqf,77005,GV,15.0,168.0,183.0,0,0
892,2026-06-15,Cxqf,77006,GV,43.0,232.0,275.0,0,0
893,2026-06-15,Cxqf,77007,GV,2.0,82.0,84.0,1,0
894,2026-06-15,Cxqf,77014,GV,0.0,67.0,67.0,1,0
895,2026-06-15,Cxqf,77017,GV,16.0,123.0,139.0,0,0
896,2026-06-15,Cxqf,77018,GV,13.0,436.0,449.0,0,0
897,2026-06-15,Cxqf,77020,GV,22.0,450.0,472.0,1,0
898,2026-06-15,Cxqf,77021,GV,2.0,24.0,26.0,0,0
899,2026-06-15,Cxqf,77022,GV,0.0,21.0,21.0,0,0
900,2026-06-15,Cxqf,77024,GV,35.0,246.0,281.0,0,0
901,2026-06-15,Cxqf,77025,GV,32.0,242.0,274.0,0,0
902,2026-06-15,Cxqf,77026,GV,11.0,327.0,338.0,1,0
903,2026-06-15,Cxqf,77029,GV,0.0,42.0,42.0,1,0
904,2026-06-15,Cxqf,77030,GV,8.0,96.0,104.0,0,0
905,2026-06-15,Cxqf,77032,GV,58.0,366.0,424.0,0,0
906,2026-06-15,Cxqf,77034,GV,35.0,382.0,417.0,0,0
907,2026-06-15,Cxqf,77036,GV,15.0,77.0,92.0,0,0
908,2026-06-15,Cxqf,77039,GV,4.0,361.0,365.0,0,0
909,2026-06-15,Cxqf,77040,GV,31.0,210.0,241.0,0,0
910,2026-06-15,Cxqf,77041,GV,35.0,407.0,442.0,0,0
911,2026-06-15,Cxqf,77043,GV,4.0,54.0,58.0,0,0
912,2026-06-15,Cxqf,77044,GV,34.0,173.0,207.0,1,0
913,2026-06-15,Cxqf,77045,GV,56.0,227.0,283.0,0,0
914,2026-06-15,Cxqf,77047,GV,11.0,279.0,290.0,1,0
915,2026-06-15,Cxqf,77048,GV,70.0,492.0,562.0,1,0
916,2026-06-15,Cxqf,77049,GV,23.0,227.0,250.0,0,0
917,2026-06-15,Cxqf,77051,GV,4.0,98.0,102.0,0,0
918,2026-06-15,Cxqf,77055,GV,43.0,259.0,302.0,0,0
919,2026-06-15,Cxqf,77056,GV,5.0,220.0,225.0,0,0
920,2026-06-15,Cxqf,77057,GV,19.0,33.0,52.0,0,0
921,2026-06-15,Cxqf,77058,GV,0.0,0.0,0.0,0,0
922,2026-06-15,Cxqf,77059,GV,20.0,62.0,82.0,0,0
923,2026-06-15,Cxqf,77060,GV,20.0,80.0,100.0,0,0
924,2026-06-15,Cxqf,77061,GV,45.0,443.0,488.0,0,0
925,2026-06-15,Cxqf,77063,GV,6.0,36.0,42.0,0,0
926,2026-06-15,Cxqf,77064,GV,1.0,90.0,91.0,1,0
927,2026-06-15,Cxqf,77065,GV,8.0,248.0,256.0,0,0
928,2026-06-15,Cxqf,77066,GV,7.0,118.0,125.0,0,0
929,2026-06-15,Cxqf,77067,GV,8.0,262.0,270.0,0,0
930,2026-06-15,Cxqf,77068,GV,3.0,54.0,57.0,1,0
931,2026-06-15,Cxqf,77069,GV,1.0,34.0,35.0,1,0
932,2026-06-15,Cxqf,77070,GV,8.0,180.0,188.0,0,0
933,2026-06-15,Cxqf,77073,GV,3.0,57.0,60.0,0,0
934,2026-06-15,Cxqf,77076,GV,5.0,32.0,37.0,0,0
935,2026-06-15,Cxqf,77078,GV,9.0,20.0,29.0,0,0
936,2026-06-15,Cxqf,77079,GV,6.0,154.0,160.0,0,0
937,2026-06-15,Cxqf,77080,GV,26.0,253.0,279.0,1,0
938,2026-06-15,Cxqf,77082,GV,0.0,1.0,1.0,0,0
939,2026-06-15,Cxqf,77083,GV,140.0,36.0,176.0,0,0
940,2026-06-15,Cxqf,77084,GV,18.0,175.0,193.0,1,0
941,2026-06-15,Cxqf,77085,GV,13.0,152.0,165.0,1,0
942,2026-06-15,Cxqf,77087,GV,29.0,76.0,105.0,0,0
943,2026-06-15,Cxqf,77088,GV,6.0,72.0,78.0,1,0
944,2026-06-15,Cxqf,77092,GV,23.0,129.0,152.0,0,0
945,2026-06-15,Cxqf,77093,GV,15.0,171.0,186.0,0,0
946,2026-06-15,Cxqf,77094,GV,7.0,36.0,43.0,0,0
947,2026-06-15,Cxqf,77096,GV,20.0,338.0,358.0,1,0
948,2026-06-15,Cxqf,77336,GV,7.0,56.0,63.0,0,0
949,2026-06-15,Cxqf,77338,GV,64.0,572.0,636.0,1,0
950,2026-06-15,Cxqf,77339,GV,5.0,80.0,85.0,0,0
951,2026-06-15,Cxqf,77345,GV,0.0,13.0,13.0,0,0
952,2026-06-15,Cxqf,77373,GV,29.0,255.0,284.0,1,0
953,2026-06-15,Cxqf,77375,GV,18.0,279.0,297.0,1,0
954,2026-06-15,Cxqf,77379,GV,3.0,57.0,60.0,0,0
955,2026-06-15,Cxqf,77388,GV,2.0,11.0,13.0,0,0
956,2026-06-15,Cxqf,77396,GV,2.0,78.0,80.0,0,0
957,2026-06-15,Cxqf,77429,GV,21.0,754.0,775.0,1,0
958,2026-06-15,Cxqf,77447,GV,2.0,26.0,28.0,0,0
959,2026-06-15,Cxqf,77449,GV,5.0,139.0,144.0,0,0
960,2026-06-15,Cxqf,77450,GV,4.0,26.0,30.0,0,0
961,2026-06-15,Cxqf,77484,GV,1.0,0.0,1.0,0,0
962,2026-06-15,Cxqf,77493,GV,30.0,309.0,339.0,1,0
963,2026-06-15,Cxqf,77502,GV,3.0,46.0,49.0,0,0
964,2026-06-15,Cxqf,77504,GV,9.0,41.0,50.0,0,0
965,2026-06-15,Cxqf,77506,GV,8.0,67.0,75.0,0,0
966,2026-06-15,Cxqf,77507,GV,0.0,93.0,93.0,0,0
967,2026-06-15,Cxqf,77520,GV,29.0,119.0,148.0,0,0
968,2026-06-15,Cxqf,77532,GV,75.0,421.0,496.0,1,0
969,2026-06-15,Cxqf,77562,GV,28.0,101.0,129.0,1,0
970,2026-06-15,Cxqf,77571,GV,151.0,459.0,610.0,0,0
971,2026-06-22,Aeab,77003,GV,0.0,4.0,4.0,0,0
972,2026-06-22,Aeab,77004,SS,2.0,9.0,11.0,0,0
973,2026-06-22,Aeab,77007,GV,75.0,63.0,138.0,0,0
974,2026-06-22,Aeab,77009,GV,48.0,58.0,106.0,1,0
975,2026-06-22,Aeab,77011,GV,1.0,3.0,4.0,0,0
976,2026-06-22,Aeab,77014,GV,2.0,3.0,5.0,0,0
977,2026-06-22,Aeab,77016,SS,0.0,1.0,1.0,0,0
978,2026-06-22,Aeab,77025,SS,0.0,3.0,3.0,0,0
979,2026-06-22,Aeab,77026,SS,6.0,4.0,10.0,0,0
980,2026-06-22,Aeab,77028,GV,1.0,2.0,3.0,0,0
981,2026-06-22,Aeab,77032,SS,0.0,1.0,1.0,0,0
982,2026-06-22,Aeab,77033,GV,32.0,59.0,91.0,0,0
983,2026-06-22,Aeab,77034,GV,0.0,1.0,1.0,0,0
984,2026-06-22,Aeab,77034,SS,0.0,2.0,2.0,0,0
985,2026-06-22,Aeab,77036,GV,0.0,3.0,3.0,0,0
986,2026-06-22,Aeab,77039,SS,0.0,2.0,2.0,0,0
987,2026-06-22,Aeab,77045,SS,0.0,3.0,3.0,0,0
988,2026-06-22,Aeab,77048,SS,0.0,2.0,2.0,0,0
989,2026-06-22,Aeab,77049,GV,0.0,1.0,1.0,0,0
990,2026-06-22,Aeab,77051,SS,1.0,0.0,1.0,0,0
991,2026-06-22,Aeab,77058,GV,72.0,30.0,102.0,0,0
992,2026-06-22,Aeab,77060,SS,0.0,3.0,3.0,0,0
993,2026-06-22,Aeab,77061,GV,23.0,214.0,237.0,0,0
994,2026-06-22,Aeab,77064,GV,0.0,2.0,2.0,0,0
995,2026-06-22,Aeab,77065,SS,0.0,4.0,4.0,0,0
996,2026-06-22,Aeab,77067,SS,0.0,4.0,4.0,0,0
997,2026-06-22,Aeab,77068,GV,0.0,2.0,2.0,0,0
998,2026-06-22,Aeab,77069,SS,0.0,2.0,2.0,0,0
999,2026-06-22,Aeab,77072,GV,0.0,3.0,3.0,0,0
1000,2026-06-22,Aeab,77078,GV,22.0,18.0,40.0,0,0
1001,2026-06-22,Aeab,77083,GV,0.0,1.0,1.0,0,0
1002,2026-06-22,Aeab,77084,SS,0.0,3.0,3.0,0,0
1003,2026-06-22,Aeab,77087,GV,0.0,2.0,2.0,0,0
1004,2026-06-22,Aeab,77088,SS,0.0,1.0,1.0,0,0
1005,2026-06-22,Aeab,77093,SS,0.0,1.0,1.0,0,0
1006,2026-06-22,Aeab,77094,GV,1.0,0.0,1.0,0,0
1007,2026-06-22,Aeab,77096,GV,0.0,5.0,5.0,0,0
1008,2026-06-22,Aeab,77096,SS,0.0,2.0,2.0,0,0
1009,2026-06-22,Aeab,77338,GV,0.0,6.0,6.0,0,0
1010,2026-06-22,Aeab,77375,GV,0.0,3.0,3.0,0,0
1011,2026-06-22,Aeab,77379,GV,3.0,6.0,9.0,0,0
1012,2026-06-22,Aeab,77389,SS,0.0,3.0,3.0,0,0
1013,2026-06-22,Aeab,77396,SS,0.0,1.0,1.0,0,0
1014,2026-06-22,Aeab,77429,GV,2.0,1.0,3.0,0,0
1015,2026-06-22,Aeab,77447,GV,47.0,73.0,120.0,0,0
1016,2026-06-22,Aeab,77447,SS,0.0,1.0,1.0,0,0
1017,2026-06-22,Aeab,77450,GV,1.0,4.0,5.0,0,0
1018,2026-06-22,Aeab,77450,SS,0.0,6.0,6.0,0,0
1019,2026-06-22,Aeab,77484,GV,7.0,10.0,17.0,0,0
1020,2026-06-22,Aeab,77493,GV,1.0,4.0,5.0,0,0
1021,2026-06-22,Aeab,77505,GV,10.0,52.0,62.0,0,0
1022,2026-06-22,Aeab,77506,GV,43.0,37.0,80.0,0,0
1023,2026-06-22,Aeab,77520,SS,1.0,0.0,1.0,0,0
1024,2026-06-22,Aeab,77521,GV,28.0,25.0,53.0,0,0
1025,2026-06-22,Aeab,77530,GV,0.0,1.0,1.0,0,0
1026,2026-06-22,Aeab,77536,SS,0.0,3.0,3.0,0,0
1027,2026-06-22,Aeab,77546,GV,29.0,27.0,56.0,0,0
1028,2026-06-22,Aeab,77571,GV,1.0,1.0,2.0,0,0
1029,2026-06-22,Aeae,77004,SS,1.0,3.0,4.0,0,0
1030,2026-06-22,Aeae,77007,GV,56.0,51.0,107.0,0,0
1031,2026-06-22,Aeae,77009,GV,31.0,36.0,67.0,0,0
1032,2026-06-22,Aeae,77014,GV,2.0,3.0,5.0,0,0
1033,2026-06-22,Aeae,77015,SS,0.0,1.0,1.0,0,0
1034,2026-06-22,Aeae,77020,SS,4.0,1.0,5.0,0,0
1035,2026-06-22,Aeae,77026,SS,0.0,3.0,3.0,0,0
1036,2026-06-22,Aeae,77028,GV,0.0,1.0,1.0,0,0
1037,2026-06-22,Aeae,77034,GV,4.0,6.0,10.0,0,0
1038,2026-06-22,Aeae,77039,SS,1.0,2.0,3.0,0,0
1039,2026-06-22,Aeae,77044,SS,0.0,3.0,3.0,0,0
1040,2026-06-22,Aeae,77045,SS,0.0,3.0,3.0,0,0
1041,2026-06-22,Aeae,77049,GV,0.0,2.0,2.0,0,0
1042,2026-06-22,Aeae,77051,SS,1.0,0.0,1.0,0,0
1043,2026-06-22,Aeae,77058,GV,4.0,11.0,15.0,0,0
1044,2026-06-22,Aeae,77064,SS,0.0,1.0,1.0,0,0
1045,2026-06-22,Aeae,77066,SS,0.0,1.0,1.0,0,0
1046,2026-06-22,Aeae,77078,GV,2.0,8.0,10.0,0,0
1047,2026-06-22,Aeae,77087,SS,0.0,1.0,1.0,0,0
1048,2026-06-22,Aeae,77088,SS,0.0,1.0,1.0,0,0
1049,2026-06-22,Aeae,77094,GV,1.0,0.0,1.0,0,0
1050,2026-06-22,Aeae,77096,GV,0.0,2.0,2.0,0,0
1051,2026-06-22,Aeae,77375,GV,0.0,1.0,1.0,0,0
1052,2026-06-22,Aeae,77375,SS,0.0,1.0,1.0,0,0
1053,2026-06-22,Aeae,77396,SS,0.0,3.0,3.0,0,0
1054,2026-06-22,Aeae,77401,GV,0.0,1.0,1.0,0,0
1055,2026-06-22,Aeae,77429,GV,1.0,3.0,4.0,0,0
1056,2026-06-22,Aeae,77447,GV,2.0,11.0,13.0,0,0
1057,2026-06-22,Aeae,77450,SS,2.0,6.0,8.0,0,0
1058,2026-06-22,Aeae,77484,GV,0.0,5.0,5.0,0,0
1059,2026-06-22,Aeae,77505,GV,0.0,2.0,2.0,0,0
1060,2026-06-22,Aeae,77520,SS,0.0,1.0,1.0,0,0
1061,2026-06-22,Aeae,77521,GV,27.0,38.0,65.0,0,0
1062,2026-06-22,Aeae,77530,SS,0.0,1.0,1.0,0,0
1063,2026-06-22,Aeae,77546,GV,7.0,9.0,16.0,0,0
1064,2026-06-22,Aeae,77571,GV,0.0,2.0,2.0,0,0
1065,2026-06-22,Cxqf,77002,SS,3.0,33.0,36.0,0,0
1066,2026-06-22,Cxqf,77003,GV,16.0,49.0,65.0,1,0
1067,2026-06-22,Cxqf,77004,GV,30.0,266.0,296.0,0,0
1068,2026-06-22,Cxqf,77004,SS,12.0,34.0,46.0,1,0
1069,2026-06-22,Cxqf,77007,GV,3.0,13.0,16.0,0,0
1070,2026-06-22,Cxqf,77007,SS,3.0,5.0,8.0,0,0
1071,2026-06-22,Cxqf,77008,SS,5.0,52.0,57.0,1,0
1072,2026-06-22,Cxqf,77009,GV,11.0,19.0,30.0,0,0
1073,2026-06-22,Cxqf,77009,SS,17.0,59.0,76.0,1,0
1074,2026-06-22,Cxqf,77011,GV,5.0,108.0,113.0,1,0
1075,2026-06-22,Cxqf,77011,SS,2.0,4.0,6.0,0,0
1076,2026-06-22,Cxqf,77013,GV,15.0,127.0,142.0,1,0
1077,2026-06-22,Cxqf,77013,SS,59.0,321.0,380.0,0,0
1078,2026-06-22,Cxqf,77014,GV,19.0,262.0,281.0,0,0
1079,2026-06-22,Cxqf,77015,SS,10.0,112.0,122.0,1,0
1080,2026-06-22,Cxqf,77016,SS,65.0,317.0,382.0,1,0
1081,2026-06-22,Cxqf,77020,SS,9.0,43.0,52.0,1,0
1082,2026-06-22,Cxqf,77021,GV,5.0,101.0,106.0,0,0
1083,2026-06-22,Cxqf,77021,SS,2.0,21.0,23.0,0,0
1084,2026-06-22,Cxqf,77023,GV,34.0,137.0,171.0,0,0
1085,2026-06-22,Cxqf,77023,SS,4.0,12.0,16.0,0,0
1086,2026-06-22,Cxqf,77027,SS,2.0,2.0,4.0,0,0
1087,2026-06-22,Cxqf,77028,GV,1.0,16.0,17.0,0,0
1088,2026-06-22,Cxqf,77029,SS,12.0,246.0,258.0,1,0
1089,2026-06-22,Cxqf,77030,SS,12.0,146.0,158.0,1,0
1090,2026-06-22,Cxqf,77031,SS,1.0,8.0,9.0,0,0
1091,2026-06-22,Cxqf,77032,SS,25.0,152.0,177.0,1,0
1092,2026-06-22,Cxqf,77033,SS,40.0,110.0,150.0,0,0
1093,2026-06-22,Cxqf,77034,GV,57.0,66.0,123.0,1,0
1094,2026-06-22,Cxqf,77034,SS,111.0,307.0,418.0,0,0
1095,2026-06-22,Cxqf,77036,GV,58.0,270.0,328.0,1,0
1096,2026-06-22,Cxqf,77038,SS,2.0,6.0,8.0,0,0
1097,2026-06-22,Cxqf,77039,SS,25.0,179.0,204.0,0,0
1098,2026-06-22,Cxqf,77041,GV,2.0,5.0,7.0,0,0
1099,2026-06-22,Cxqf,77041,SS,9.0,69.0,78.0,0,0
1100,2026-06-22,Cxqf,77044,SS,7.0,61.0,68.0,0,0
1101,2026-06-22,Cxqf,77045,SS,31.0,199.0,230.0,1,0
1102,2026-06-22,Cxqf,77049,GV,0.0,3.0,3.0,0,0
1103,2026-06-22,Cxqf,77049,SS,38.0,155.0,193.0,0,0
1104,2026-06-22,Cxqf,77051,GV,2.0,4.0,6.0,0,0
1105,2026-06-22,Cxqf,77051,SS,3.0,64.0,67.0,1,0
1106,2026-06-22,Cxqf,77054,SS,7.0,37.0,44.0,0,0
1107,2026-06-22,Cxqf,77056,GV,0.0,56.0,56.0,1,0
1108,2026-06-22,Cxqf,77059,SS,7.0,30.0,37.0,1,0
1109,2026-06-22,Cxqf,77060,SS,14.0,70.0,84.0,0,0
1110,2026-06-22,Cxqf,77061,GV,71.0,836.0,907.0,1,0
1111,2026-06-22,Cxqf,77061,SS,0.0,4.0,4.0,0,0
1112,2026-06-22,Cxqf,77062,SS,0.0,0.0,0.0,0,0
1113,2026-06-22,Cxqf,77063,SS,0.0,0.0,0.0,0,0
1114,2026-06-22,Cxqf,77064,SS,1.0,48.0,49.0,0,0
1115,2026-06-22,Cxqf,77067,SS,5.0,53.0,58.0,0,0
1116,2026-06-22,Cxqf,77068,GV,109.0,365.0,474.0,1,0
1117,2026-06-22,Cxqf,77069,SS,4.0,16.0,20.0,0,0
1118,2026-06-22,Cxqf,77071,SS,13.0,27.0,40.0,0,0
1119,2026-06-22,Cxqf,77072,SS,1.0,26.0,27.0,1,0
1120,2026-06-22,Cxqf,77074,SS,39.0,123.0,162.0,1,0
1121,2026-06-22,Cxqf,77075,SS,0.0,3.0,3.0,0,0
1122,2026-06-22,Cxqf,77077,GV,1.0,28.0,29.0,0,0
1123,2026-06-22,Cxqf,77077,SS,1.0,19.0,20.0,0,0
1124,2026-06-22,Cxqf,77082,GV,9.0,129.0,138.0,0,0
1125,2026-06-22,Cxqf,77083,GV,1.0,81.0,82.0,0,0
1126,2026-06-22,Cxqf,77084,SS,20.0,38.0,58.0,0,0
1127,2026-06-22,Cxqf,77085,SS,14.0,46.0,60.0,0,0
1128,2026-06-22,Cxqf,77087,GV,13.0,14.0,27.0,0,0
1129,2026-06-22,Cxqf,77088,GV,13.0,200.0,213.0,0,0
1130,2026-06-22,Cxqf,77089,SS,10.0,426.0,436.0,1,0
1131,2026-06-22,Cxqf,77090,SS,13.0,45.0,58.0,0,0
1132,2026-06-22,Cxqf,77091,SS,21.0,59.0,80.0,0,0
1133,2026-06-22,Cxqf,77093,GV,6.0,10.0,16.0,0,0
1134,2026-06-22,Cxqf,77093,SS,43.0,246.0,289.0,1,0
1135,2026-06-22,Cxqf,77095,SS,0.0,66.0,66.0,0,0
1136,2026-06-22,Cxqf,77336,GV,2.0,113.0,115.0,1,0
1137,2026-06-22,Cxqf,77336,SS,3.0,60.0,63.0,0,0
1138,2026-06-22,Cxqf,77338,GV,10.0,174.0,184.0,0,0
1139,2026-06-22,Cxqf,77339,SS,8.0,353.0,361.0,1,0
1140,2026-06-22,Cxqf,77345,GV,1.0,1.0,2.0,0,0
1141,2026-06-22,Cxqf,77375,GV,15.0,135.0,150.0,0,0
1142,2026-06-22,Cxqf,77375,SS,28.0,77.0,105.0,0,0
1143,2026-06-22,Cxqf,77379,SS,13.0,39.0,52.0,0,0
1144,2026-06-22,Cxqf,77388,GV,0.0,2.0,2.0,0,0
1145,2026-06-22,Cxqf,77388,SS,1.0,23.0,24.0,0,0
1146,2026-06-22,Cxqf,77389,SS,1.0,7.0,8.0,0,0
1147,2026-06-22,Cxqf,77401,GV,30.0,78.0,108.0,0,0
1148,2026-06-22,Cxqf,77401,SS,7.0,60.0,67.0,0,0
1149,2026-06-22,Cxqf,77429,GV,58.0,183.0,241.0,1,0
1150,2026-06-22,Cxqf,77429,SS,17.0,143.0,160.0,0,0
1151,2026-06-22,Cxqf,77433,SS,0.0,2.0,2.0,0,0
1152,2026-06-22,Cxqf,77447,GV,4.0,101.0,105.0,1,0
1153,2026-06-22,Cxqf,77447,SS,3.0,3.0,6.0,0,0
1154,2026-06-22,Cxqf,77450,GV,51.0,203.0,254.0,0,0
1155,2026-06-22,Cxqf,77493,GV,39.0,443.0,482.0,1,0
1156,2026-06-22,Cxqf,77493,SS,1.0,122.0,123.0,0,0
1157,2026-06-22,Cxqf,77503,GV,0.0,16.0,16.0,0,0
1158,2026-06-22,Cxqf,77506,GV,9.0,16.0,25.0,1,0
1159,2026-06-22,Cxqf,77506,SS,3.0,18.0,21.0,0,0
1160,2026-06-22,Cxqf,77507,GV,5.0,30.0,35.0,0,0
1161,2026-06-22,Cxqf,77520,GV,23.0,76.0,99.0,0,0
1162,2026-06-22,Cxqf,77520,SS,0.0,13.0,13.0,0,0
1163,2026-06-22,Cxqf,77521,GV,7.0,40.0,47.0,1,0
1164,2026-06-22,Cxqf,77521,SS,19.0,93.0,112.0,1,0
1165,2026-06-22,Cxqf,77530,GV,23.0,83.0,106.0,0,0
1166,2026-06-22,Cxqf,77530,SS,4.0,22.0,26.0,0,0
1167,2026-06-22,Cxqf,77536,SS,30.0,40.0,70.0,1,0
1168,2026-06-22,Cxqf,77546,SS,4.0,40.0,44.0,0,0
1169,2026-06-22,Cxqf,77547,SS,0.0,18.0,18.0,0,0
1170,2026-06-22,Cxqf,77571,GV,16.0,57.0,73.0,0,0
1171,2026-06-22,Cxqf,77571,SS,39.0,91.0,130.0,1,0
1172,2026-06-22,Cxqf,77586,GV,33.0,39.0,72.0,1,0
1173,2026-06-22,Cxqf,77586,SS,0.0,2.0,2.0,0,0
1174,2026-06-22,Cxqf,77587,GV,7.0,17.0,24.0,1,0
1175,2026-06-29,Aeab,77015,SS,0.0,1.0,1.0,0,0
1176,2026-06-29,Aeab,77021,SS,0.0,1.0,1.0,0,0
1177,2026-06-29,Aeab,77023,SS,0.0,9.0,9.0,0,0
1178,2026-06-29,Aeab,77034,SS,4.0,25.0,29.0,0,0
1179,2026-06-29,Aeab,77051,SS,4.0,7.0,11.0,1,0
1180,2026-06-29,Aeab,77060,SS,0.0,1.0,1.0,0,0
1181,2026-06-29,Aeab,77065,SS,0.0,1.0,1.0,0,0
1182,2026-06-29,Aeab,77066,SS,3.0,4.0,7.0,0,0
1183,2026-06-29,Aeab,77084,SS,0.0,7.0,7.0,0,0
1184,2026-06-29,Aeab,77087,SS,6.0,11.0,17.0,0,0
1185,2026-06-29,Aeab,77093,SS,61.0,69.0,130.0,0,0
1186,2026-06-29,Aeab,77095,SS,1.0,0.0,1.0,0,0
1187,2026-06-29,Aeab,77346,SS,9.0,19.0,28.0,0,0
1188,2026-06-29,Aeab,77447,SS,15.0,68.0,83.0,0,0
1189,2026-06-29,Aeab,77450,SS,0.0,3.0,3.0,0,0
1190,2026-06-29,Aeab,77493,SS,1.0,0.0,1.0,0,0
1191,2026-06-29,Aeab,77520,SS,1.0,1.0,2.0,0,0
1192,2026-06-29,Aeab,77521,SS,1.0,0.0,1.0,0,0
1193,2026-06-29,Aeab,77536,SS,1.0,3.0,4.0,0,0
1194,2026-06-29,Aeab,77546,SS,1.0,5.0,6.0,0,0
1195,2026-06-29,Aeae,77007,SS,5.0,8.0,13.0,0,0
1196,2026-06-29,Aeae,77011,SS,0.0,1.0,1.0,0,0
1197,2026-06-29,Aeae,77034,SS,2.0,6.0,8.0,0,0
1198,2026-06-29,Aeae,77051,SS,0.0,1.0,1.0,0,0
1199,2026-06-29,Aeae,77059,SS,0.0,1.0,1.0,0,0
1200,2026-06-29,Aeae,77060,SS,4.0,10.0,14.0,0,0
1201,2026-06-29,Aeae,77069,SS,0.0,1.0,1.0,0,0
1202,2026-06-29,Aeae,77077,SS,0.0,1.0,1.0,0,0
1203,2026-06-29,Aeae,77339,SS,0.0,3.0,3.0,0,0
1204,2026-06-29,Aeae,77447,SS,2.0,4.0,6.0,0,0
1205,2026-06-29,Aeae,77520,SS,0.0,1.0,1.0,0,0
1206,2026-06-29,Cxqf,77004,SS,1.0,5.0,6.0,0,0
1207,2026-06-29,Cxqf,77008,SS,5.0,62.0,67.0,0,0
1208,2026-06-29,Cxqf,77011,SS,0.0,14.0,14.0,0,0
1209,2026-06-29,Cxqf,77015,SS,8.0,131.0,139.0,0,0
1210,2026-06-29,Cxqf,77021,SS,4.0,23.0,27.0,0,0
1211,2026-06-29,Cxqf,77032,SS,67.0,131.0,198.0,0,0
1212,2026-06-29,Cxqf,77034,SS,3.0,45.0,48.0,0,0
1213,2026-06-29,Cxqf,77045,SS,8.0,63.0,71.0,0,0
1214,2026-06-29,Cxqf,77051,SS,6.0,29.0,35.0,0,0
1215,2026-06-29,Cxqf,77060,SS,8.0,37.0,45.0,0,0
1216,2026-06-29,Cxqf,77062,SS,9.0,191.0,200.0,0,0
1217,2026-06-29,Cxqf,77063,SS,17.0,38.0,55.0,0,0
1218,2026-06-29,Cxqf,77065,SS,5.0,29.0,34.0,0,0
1219,2026-06-29,Cxqf,77066,SS,7.0,46.0,53.0,1,0
1220,2026-06-29,Cxqf,77067,SS,1.0,15.0,16.0,0,0
1221,2026-06-29,Cxqf,77069,SS,11.0,41.0,52.0,1,0
1222,2026-06-29,Cxqf,77072,SS,2.0,14.0,16.0,0,0
1223,2026-06-29,Cxqf,77084,SS,7.0,139.0,146.0,1,0
1224,2026-06-29,Cxqf,77089,SS,12.0,53.0,65.0,1,0
1225,2026-06-29,Cxqf,77090,SS,1.0,0.0,1.0,0,0
1226,2026-06-29,Cxqf,77093,SS,29.0,44.0,73.0,0,0
1227,2026-06-29,Cxqf,77095,SS,31.0,44.0,75.0,1,0
1228,2026-06-29,Cxqf,77096,SS,5.0,30.0,35.0,0,0
1229,2026-06-29,Cxqf,77375,SS,2.0,29.0,31.0,0,0
1230,2026-06-29,Cxqf,77379,SS,2.0,85.0,87.0,0,0
1231,2026-06-29,Cxqf,77429,SS,25.0,128.0,153.0,0,0
1232,2026-06-29,Cxqf,77433,SS,2.0,8.0,10.0,0,0
1233,2026-06-29,Cxqf,77450,SS,7.0,48.0,55.0,0,0
1234,2026-06-29,Cxqf,77493,SS,1.0,1.0,2.0,0,0
1235,2026-06-29,Cxqf,77506,SS,3.0,40.0,43.0,0,0
1236,2026-06-29,Cxqf,77520,SS,6.0,17.0,23.0,0,0
1237,2026-06-29,Cxqf,77521,SS,7.0,34.0,41.0,0,0
1238,2026-06-29,Cxqf,77530,SS,16.0,17.0,33.0,0,0
1239,2026-06-29,Cxqf,77536,SS,6.0,37.0,43.0,0,0
1240,2026-06-29,Cxqf,77547,SS,14.0,393.0,407.0,1,0
1241,2026-06-29,Cxqf,77571,SS,3.0,27.0,30.0,0,0
1242,2026-06-29,Cxqf,77586,SS,9.0,16.0,25.0,0,0
